,웹툰 제목,마지막화 등록일
0,        팬시x팬시,2021.06.04
1,        걸어서 30분,2017.09.07
2,        금수저,2016.05.27
3,        홍시는 날 좋아해!,2017.12.02
4,        대학일기,2016.05.15
5,        귀전구담,2017.03.23
6,        5kg을 위하여,2018.04.23
7,        인어를 위한 수영교실,2019.05.24
8,        이것도 친구라고,2017.03.11
9,        연놈,2015.12.06
10,        #살인스타그램,2019.03.20
11,        우리 오빠는 아이돌!,2017.08.31
12,        취사병 전설이 되다,2019.04.10
13,        개를 낳았다~만남부터 이별까지~,2018.06.04
14,        귀각시,2016.06.17
15,        잉여특공대,2020.05.07
16,        오늘도 형제는 평화롭다,2017.01.18
17,        간떨어지는 동거,2017.07.27
18,        오늘도 사랑하세요,2019.09.22
19,        삶이 우리를 속일지라도,2019.03.27
20,        복학생 정순이,2019.10.17
21,        내일,2017.05.16
22,        헬로도사,2020.04.09
23,        원주민 공포만화,2017.07.24
24,        루커피쳐,2021.02.02
25,        하루만 네가 되고 싶어,2019.12.30
26,        금요일,2012.08.16
27,        아기낳는만화,2017.11.15
28,        마왕이 되는 중2야,2017.04.12
29,        무주의 맹시,2019.03.28
30,        투명한 동거,2016.03.17
31,        10월 28일,2017.10.24
32,        합법해적 파르페,2019.06.05
33,        아홉수 우리들,2019.02.23
34,        열정호구,2016.10.10
35,        가타부타타,2019.06.12
36,        달수이야기,2015.01.02
37,        검은인간,2018.12.10
38,        요리GO,2018.02.09
39,        결혼생활 그림일기,2020.03.06
40,        언원티드,2017.06.27
41,        뱀이 앉은 자리,2017.04.21
42,        빅맨,2018.12.28
43,        외모지상주의,2014.11.28
44,        고교생을 환불해 주세요,2018.03.08
45,        별을 삼킨 너에게,2020.06.29
46,        푸른사막 아아루,2017.06.06
47,        스코칭 로맨스,2019.03.21
48,        어글리후드,2017.12.05
49,        노곤하개,2017.12.04
50,        갓도령스,2019.08.08
51,        꼬맹이를 부탁해!,2019.09.11
52,        모죠의 일지,2019.05.03
53,"        혼밥, 혼술, 혼자 사는 이야기",2018.08.06
54,        탑코너,2019.08.09
55,        악취,2019.06.23
56,        9등급 뒤집기,2019.12.18
57,        판타지 여동생!,2019.07.02
58,        시큼새큼,2012.08.14
59,        교환일기,2019.06.01
60,        땅 보고 걷는 아이,2019.04.22
61,        1인용 기분,2017.12.24
62,        좋아하는부분,2017.08.04
63,        내 룸메이트는 마네킹,2021.04.02
64,        머리카락을 뽑으면,2019.06.06
65,        킬링타임,2019.07.14
66,        오늘도 핸드메이드!,2016.09.20
67,        참새는 새신부!,2018.06.25
68,        병,2019.05.22
69,        나주금입니다(너에게만 보이는),2019.08.26
70,        백수세끼,2019.08.29
71,        우리집에 곰이 이사왔다,2017.01.04
72,        풋내기들,2021.01.13
73,        놓지마정신줄,2009.08.18
74,        열렙전사,2015.11.09
75,        금빛아이는 새벽을 달린다,2021.05.14
76,        허니버니,2018.11.19
77,        윈터우즈,2014.07.12
78,        체크포인트,2016.04.11
79,        혈액형에 관한 간단한 고찰,2011.03.19
80,        피노키오의 소녀,2020.05.02
81,        어글리 피플즈,2019.08.26
82,        방안의 코끼리,2019.04.17
83,        식스틴,2018.03.27
84,        수영만화일기,2021.03.21
85,        벽(로그아웃),2019.09.03
86,        사랑의 헌옷수거함,2021.05.01
87,        불릿 6미리,2020.01.02
88,        웰캄 투 실버라이프,2020.07.03
89,        나타나주세요!,2021.04.05
90,        소녀의 세계,2015.05.16
91,        홍차 리브레,2017.12.31
92,        소녀 연대기,2018.10.14
93,        피플,2018.02.11
94,        초인의시대,2019.07.08
95,        그녀의 버킷리스트,2019.09.15
96,        날로 먹는 연애,2015.06.09
97,        공복의 저녁식사,2014.12.14
98,        여탕보고서,2014.10.24
99,        범이올시다!,2020.05.02
100,        방백남녀,2018.01.12
101,        로베스의 완전감각,2018.09.03
102,        중독연구소,2020.02.01
103,        오!주예수여,2015.05.31
104,        203호 저승사자,2016.01.03
105,        헬퍼,2011.10.04
106,        흐르는 바닷불처럼,2021.01.05
107,        대작,2015.11.29
108,        동네변호사 조들호,2013.03.05
109,        언메이크,2020.07.01
110,        프리드로우,2013.10.30
111,        마스크걸,2015.08.13
112,        점핑오버,2018.07.07
113,        들어는 보았나! 질풍기획!,2010.11.05
114,        호곡,2018.06.22
115,        갓!김치,2019.03.02
116,        도화,2020.03.31
117,        찬란하지 않아도 괜찮아,2017.06.26
118,        바이러스 X,2020.10.13
119,        내 어린고양이와 늙은개,2011.03.22
120,        꼬리,2018.02.20
121,        트랜스휴먼,2020.09.26
122,        악인,2021.01.23
123,        텃밭부 사건일지,2019.08.14
124,        꿀벌과 아카시아,2019.01.14
125,        뷰티풀 군바리,2015.02.15
126,        나는 귀머거리다,2015.07.14
127,        윈드브레이커,2013.12.02
128,        이런 영웅은 싫어,2011.09.24
129,        <지금우리학교는>,2009.04.23
130,        호랑이형님,2015.03.20
131,        물레,2019.12.09
132,        헬58,2018.11.14
133,        후덜덜덜 남극전자,2019.08.07
134,        슈퍼 시크릿,2015.03.25
135,        견우와 직녀,2010.08.06
136,        밀웜,2019.09.09
137,        아이고아이고,2020.02.03
138,        천년구미호,2011.09.23
139,        나이트런(knight run) 고화질 리테이크,2009.03.07
140,        압락사스,2019.07.31
141,        하나(하루),2019.09.17
142,        트럼프,2012.12.20
143,        격투기특성화사립고교 -극지고-,2011.09.23
144,        플랫다이어리,2019.02.28
145,        문아(問我),2011.09.06
146,        평범한 8반,2013.11.01
147,        Penguin loves Mev,2010.05.03
148,        암흑도시,2017.09.02
149,        연애의정령,2014.12.31
150,        모태솔로수용소,2014.05.09
151,        레사(lessa),2012.05.17
152,        폭풍의전학생,2010.03.21
153,        어른스러운 철구,2009.08.08
154,        살인자ㅇ난감,2010.06.25
155,        이별만화 완성도,2014.12.31
156,        타임인조선,2011.06.02
157,        블랙시저스,2013.09.17
158,        조선좀비,2012.08.15
159,        신령,2012.08.14
160,        스펙트럼 분석기,2012.11.29
161,        오빠 까는 만화,2013.03.12
162,        그녀는 흡!혈귀,2012.08.14
163,        트럼프(Trump),2012.09.20
164,        DEAD DAYS,2014.06.29
165,        모두에게 완자가,2012.04.22
166,        가족사진,2009.01.21
167,        아빠를 찾습니다.,2012.08.16
168,        실질객관동화,2009.05.02
169,        독신으로 살겠다,2013.01.03
170,        크리퍼스큘(Crepuscule),2010.12.14
171,        더 게이머,2013.07.18
172,        아이들의 권 선생님,2012.03.16
173,        좀비를 위한 나라는 없다,2012.02.22
174,        라이징패스트볼,2011.12.08
175,        Natural Born Idiots,2012.05.15
176,        신의 언어,2013.09.17
177,        판다독,2009.03.04
178,        탈(TAL),2011.03.29
179,        우바우(우리가 바라는 우리),2015.04.10
180,        심심한 마왕,2011.08.04
181,        아스란영웅전,2009.12.15
182,        새벽9시,2012.08.11
183,        아이들은 즐겁다,2013.06.18
184,        맛집남녀,2012.09.28
185,        바람이 머무는 난,2011.11.30
186,        방울토마토,2010.10.08
187,        기사도,2012.04.04
188,        AiMer[에이머],2011.10.30
189,        늘 푸른 찻집,2014.01.11
190,        아는사람 이야기,2012.03.16
191,        스마일브러시,2010.03.29
192,        개판,2009.06.12
193,        그린스마일,2009.06.09
194,        미친G (미숙한친구는G구인),2012.01.17
195,        원 뿔러스 원,2013.12.06
196,        특수 영능력 수사반,2010.03.20
197,        소년전[Limit],2010.11.05
198,        샌프란시스코 화랑관,2013.09.17
199,        카오스어택,2011.11.01
200,        소년들은 무엇을 하고 있을까,2014.01.16
201,        버퍼링,2014.04.29
202,        위아더 능력자!,2012.08.14
203,        시간의 섬,2011.02.10
204,        NoNameD,2012.04.09
205,        스페이스 차이나드레스,2010.05.03
206,        고시생툰,2011.03.21
207,        두근거려요,2014.09.01
208,        [야메떼 오이상],2010.03.24
209,        콘스탄쯔 이야기 | 지민양 이야기,2010.01.29
210,        네로의 실험실,2012.08.15
211,        별의 유언,2010.11.05
212,        소설가J,2009.10.16
213,        연옥님이 보고계셔,2009.01.19
214,        고!고!루키루!,2009.10.02
215,        꽃밭에솔,2011.09.23
216,        흐드러지다,2009.06.12
217,        옆집화랑,2010.10.08
218,        불만시대,2014.06.22
219,        사랑의 아쿠아리움,2010.12.16
220,        LOST,2010.11.06
221,        봄이여 오라,2010.12.15
222,        얼룩말,2011.08.03
223,        기타맨,2012.03.21
224,        My OH,2012.01.31
225,        길에서 만나다,2011.05.22
226,        묵회,2009.02.09
227,        그런지(grunge),2010.11.05
