,장르,제목,좋아요,별점
0,에피소드,대학원 탈출일지,"17,648",9.91
1,에피소드,과학고 생존일지,"6,496",9.77
2,에피소드,사예의 식이장애 일지,"1,435",9.80
3,에피소드,싱글맘맘이야,"3,935",9.94
4,에피소드,의대생 하루,"2,714",8.82
5,에피소드,잘먹는 가,"5,221",9.77
6,에피소드,교수도 사람이다,994,9.75
7,에피소드,양송부부의 맛있는 한잔,"3,941",9.81
8,에피소드,"괜찮아, 고3이야","13,958",9.90
9,에피소드,우리집 강아지는 복슬강아지,"10,614",9.90
10,에피소드,아오링도쿄,"3,088",9.89
11,에피소드,하얀 하늘 꽃구름,"4,288",9.91
12,에피소드,생각보다 잘 자랐습니다,"1,980",9.88
13,에피소드,집순이에 대하여,"2,542",9.76
14,에피소드,지극히 평범한 생활,"8,041",9.90
15,에피소드,고등학교 수감기록,"5,884",9.73
16,에피소드,아빠는 N살,"9,649",9.90
17,에피소드,급식으로 사는 법,"1,090",9.51
18,에피소드,직업 : 며느리,686,9.50
19,에피소드,검은선,"9,603",9.79
20,에피소드,낮잠 자는 사람들,"2,717",9.89
21,에피소드,여긴 불빛이 안 드는 곳이야,"3,879",9.83
22,에피소드,현생툰,521,9.71
23,에피소드,올어바웃 You,"2,015",9.85
24,에피소드,머슬툰,470,9.09
25,에피소드,하나리즈,"2,804",8.89
26,에피소드,노을지는밤,"1,088",9.87
27,에피소드,힝구의 견생일기,"4,421",9.91
28,에피소드,자작 보드게임 동아리,"3,057",9.75
29,에피소드,나랑노랑~이제는 괜찮은 이야기,"1,642",9.90
30,에피소드,제제와 함께,"1,444",9.83
31,에피소드,생산직 툰,"5,353",9.78
32,에피소드,마샤의 인형,"1,589",9.85
33,에피소드,제목이 7080 만화,"2,393",9.90
34,에피소드,범고래아가씨,"1,504",9.69
35,에피소드,마롱의 마카롱,"4,689",9.86
36,에피소드,곰팡남녀,"4,708",9.89
37,에피소드,이거 내 일상,427,9.75
38,에피소드,나는 마요 집사로소이다,"2,539",9.84
39,에피소드,카나와 초나의 독일,"2,031",9.87
40,에피소드,실험학교,"3,742",9.89
41,에피소드,죽 쑨 만화,786,9.81
42,에피소드,우리 가 꿈,508,9.88
43,에피소드,맹랑맘마 MEMORY,"1,206",9.83
44,에피소드,AI폰 아리랑,"2,427",9.84
45,에피소드,오마이셋!!!,390,9.88
46,에피소드,500원 토끼,"3,519",9.72
47,에피소드,채똘일기,"1,431",9.60
48,에피소드,함께 할 때까지,"1,343",9.65
49,에피소드,홈 스윗 홈,"1,985",9.84
50,에피소드,전지적덕후시점,"2,297",9.67
51,에피소드,우당탕 입큰이,"1,312",9.64
52,에피소드,방에 콕! 진댕,740,9.87
53,에피소드,산군대잔치,"1,885",9.85
54,에피소드,두남자일기,"2,820",9.66
55,에피소드,돈벌다 만난사이,535,9.88
56,에피소드,원래부터 아무것도 없었던 세계,"1,547",9.80
57,에피소드,망했다 튀어라,978,9.80
58,에피소드,콩닥콩닥어린이집,361,9.88
59,에피소드,띵동! 도토리에요,834,9.75
60,에피소드,이불 밖 달리기,"1,074",9.89
61,에피소드,하루땃따,212,9.76
62,에피소드,육아도 경력이 될 수 있다면,226,9.72
63,에피소드,오늘도 분홍했분홍,"4,414",9.85
64,에피소드,식봉툰,708,8.85
65,에피소드,뭉가툰,740,9.83
66,에피소드,쿤도덥브라더스,"2,026",9.88
67,에피소드,만유인력의 법칙,454,9.71
68,에피소드,방구석수필,"1,437",9.91
69,에피소드,CMYK,"4,588",9.13
70,에피소드,꿀꾸리? 꿈꾸리! - 시즌 2,724,8.67
71,에피소드,이딴여행,"1,364",9.76
72,에피소드,우주n은하,"2,550",9.87
73,에피소드,모두의 미아씨,873,9.44
74,에피소드,닐리리맘봉,"1,275",9.90
75,에피소드,윤덩까툰,"4,238",9.48
76,에피소드,신과 인간,"12,104",9.89
77,에피소드,휴지통,"4,716",9.88
78,에피소드,이래봬도2학년,"1,704",9.73
79,에피소드,너구리네 육아일기,"4,530",9.77
80,에피소드,소도시에 삽니다,173,9.79
81,에피소드,주짓수와 고양이,"1,399",9.68
82,에피소드,게임에 접속했습니다!,"3,354",9.78
83,에피소드,반오십부터 그림일기,751,9.85
84,에피소드,치즈범벅,"4,222",9.84
85,에피소드,홍시관찰일기,"2,471",9.85
86,에피소드,"네, 아직 아파요",595,9.47
87,에피소드,아옹아옹,871,9.86
88,에피소드,사는 게 이게 모양?!,"1,999",9.75
89,에피소드,외국 in 한국,"8,289",9.87
90,에피소드,사쟈툰,"3,167",8.68
91,에피소드,"알고 싶니 마음, #심리툰 by 팔호광장","4,378",9.77
92,에피소드,촌스러운 그들,375,9.62
93,에피소드,일상견문록,758,9.86
94,에피소드,한지붕 새가족,537,9.66
95,에피소드,"다시, 닻별",111,7.44
96,에피소드,불손한 친구들,487,9.75
97,에피소드,니나 내나,223,9.62
98,에피소드,우당탕탕 휘삐 생존기,78,9.55
99,에피소드,메리고라운드,"1,140",9.87
100,에피소드,송양 게스트하우스,"1,624",9.77
101,에피소드,동글앤토실,"1,379",9.87
102,에피소드,오늘도 냥냥냥♪,"2,367",9.87
103,에피소드,우리네 이야기,25,9.26
104,에피소드,식사하시라요,42,8.91
105,에피소드,매지컬팡,"1,188",9.84
106,에피소드,북한의 아이,103,8.45
107,에피소드,프로탈출러,101,9.48
108,에피소드,우리 남매의 일상은,"20,732",9.88
109,에피소드,봄이와,747,9.51
110,에피소드,대학일기,"73,432",9.90
111,에피소드,휘게휘게: 혜날의 교환학생 라이프,106,9.34
112,에피소드,그리고 이로써 차차,156,9.20
113,에피소드,과격자매단,"30,429",9.89
114,에피소드,사자머리와호깜대,252,9.77
115,에피소드,사적인 거리,"10,985",9.85
116,에피소드,도담도담,"20,970",9.88
117,에피소드,리콜 마이 라이프,61,9.50
118,에피소드,그 중에 나는 없었다,"9,615",9.87
119,에피소드,핫캣일기,140,9.50
120,에피소드,내 학생이 싸이코패스일 리가 없어,"4,920",9.85
121,에피소드,5kg을 위하여,"18,136",9.89
122,에피소드,이것도 친구라고,"10,928",9.88
123,에피소드,고고고,30,9.27
124,에피소드,오늘부터 G.A.B님과 함께 살게 되었습니다,32,9.16
125,에피소드,초식고등학교,"16,169",9.88
126,에피소드,여고를 아느냐,"6,862",9.85
127,에피소드,페툰 (People and People Toon),"25,057",9.77
128,에피소드,드래곤메이커,"10,398",9.89
129,에피소드,무쇠 후라이팬,"7,802",9.90
130,에피소드,천진난만 알바인생,"8,891",9.89
131,에피소드,내과 박원장,"13,420",9.85
132,에피소드,개를 낳았다~만남부터 이별까지~,"15,528",9.89
133,에피소드,흔하지 않은 로맨스 유형,"6,074",9.89
134,에피소드,솔로인커플,"4,865",9.86
135,에피소드,오늘도 형제는 평화롭다,"4,223",9.89
136,에피소드,그녀는 나를 싫어해,"6,020",9.88
137,에피소드,언데드의사 김해골,"10,302",9.90
138,에피소드,진짜여군,"2,314",9.88
139,에피소드,어메이징 결혼이야기,"2,426",9.85
140,에피소드,바보요정 웽,"9,637",9.89
141,에피소드,공주님 마음대로!,"2,086",9.38
142,에피소드,시크릿가족,"9,193",9.87
143,에피소드,------,"5,657",9.84
144,에피소드,철없는 수의대생의 일상,"6,156",9.89
145,에피소드,헬로도사,758,9.82
146,에피소드,완벽한 멍청이들,"13,995",9.75
147,에피소드,서울크로니클 / 적우 2060년,141,9.28
148,에피소드,출근했습니다,"4,658",9.89
149,에피소드,아틀레냐,"12,768",9.87
150,에피소드,언니,"7,501",9.90
151,에피소드,본격 연애 이야기!,"5,230",9.74
152,에피소드,오늘의 후기,"7,156",9.79
153,에피소드,귀엽잖아,"4,474",9.86
154,에피소드,아기낳는만화,"5,544",9.88
155,에피소드,하리랑에그타르트,"3,261",9.90
156,에피소드,무주의 맹시,"1,259",9.89
157,에피소드,이과지옥,"6,105",9.75
158,에피소드,나나의 교환학생이야기,"2,856",9.88
159,에피소드,연두툰,"5,253",9.72
160,에피소드,시월이툰,"5,982",9.90
161,에피소드,연애일기,"19,451",9.90
162,에피소드,-,"11,723",9.89
163,에피소드,"결혼 후, 보통의 삶","4,783",9.90
164,에피소드,알콜일기,"5,971",9.88
165,에피소드,열정호구,"2,304",9.87
166,에피소드,너도 날 좋아해줬으면,439,9.88
167,에피소드,식빵고양이 파운드캣,"9,280",9.90
168,에피소드,오사와 오폐수들,"6,928",9.90
169,에피소드,투명 매니큐어를 바르는 승무원,"6,924",9.88
170,에피소드,상그미상,"5,469",9.89
171,에피소드,마미므메모,"11,724",9.86
172,에피소드,메리의 미쿡 정복기,"4,026",9.81
173,에피소드,누루누루 음식만화,"6,603",9.88
174,에피소드,비만곰의 정석 다이어트,"5,662",9.77
175,에피소드,뷰티풀 싱글 라이프,"5,679",9.89
176,에피소드,호됴됴됴,"7,066",9.89
177,에피소드,남동생과 누나,"12,744",9.84
178,에피소드,나를 키워주세요,"2,392",9.79
179,에피소드,다프트기어,"2,048",9.70
180,에피소드,반지하셋방,"3,879",9.89
181,에피소드,누나 한입만화,"3,162",9.90
182,에피소드,위기의 왕씨형제들,"3,002",9.87
183,에피소드,여대생의 정석,"2,793",9.87
184,에피소드,오늘부터 다이어트,"3,443",9.88
185,에피소드,고교생을 환불해 주세요,"2,891",9.88
186,에피소드,공대생툰,"2,514",9.78
187,에피소드,어쩌다 간호사,"4,274",9.75
188,에피소드,교실공략기,"6,657",9.85
189,에피소드,빵뽀시래기,"4,425",9.88
190,에피소드,나도 예쁘고 싶다,"3,214",9.79
191,에피소드,발버둥치다,"5,955",9.89
192,에피소드,왕립 루브리카 종합학원,"3,878",9.90
193,에피소드,쓰레기 머학생,"7,284",9.87
194,에피소드,혼자사는여자,"8,027",9.86
195,에피소드,좋운날,"9,177",9.90
196,에피소드,내 여동생은 귀여워,834,7.13
197,에피소드,그래도 같이살자,"2,841",9.88
198,에피소드,여고남,948,9.54
199,에피소드,은규랑 누나랑,993,9.83
200,에피소드,엑스프렌즈,"2,508",9.84
201,에피소드,"안녕,호두","3,232",9.89
202,에피소드,골란기-시발섬의 식인종들-,"1,972",9.79
203,에피소드,B와 당신,"3,983",9.62
204,에피소드,노곤하개,"2,652",9.88
205,에피소드,오늘밤 야식을 먹는다,"2,914",9.45
206,에피소드,이웃집 유부녀,"6,370",9.90
207,에피소드,꼬맹이를 부탁해!,"3,433",9.89
208,에피소드,나도 옷 잘 입고 싶다,"2,896",9.89
209,에피소드,비김 어게인 IN한국 [캐나다에도 산다 시즌 2],"2,420",9.73
210,에피소드,치와와의 오후,"7,424",9.90
211,에피소드,모죠의 일지,512,9.84
212,에피소드,"혼밥, 혼술, 혼자 사는 이야기","2,798",9.90
213,에피소드,난감소녀,556,9.83
214,에피소드,중등 생활 보고서,"5,713",8.98
215,에피소드,허니허니,"1,915",9.88
216,에피소드,힘내라 봉산댁!,"3,139",9.90
217,에피소드,그래일기,"4,159",9.87
218,에피소드,봉봉미엘 홍차클럽,"7,751",9.90
219,에피소드,데일리 프랑스,974,9.89
220,에피소드,미대생 댕댕,"2,062",9.85
221,에피소드,곰신남,"2,810",9.87
222,에피소드,[세계여행이야기]World Travel Diary,"6,784",9.89
223,에피소드,공략개시!!,"2,670",9.88
224,에피소드,우리 집에 최애캐!,772,9.78
225,에피소드,과한가족,"3,154",9.88
226,에피소드,생각하는 정이,"2,249",9.86
227,에피소드,은근 짜릿해,"4,517",9.84
228,에피소드,적절한 교환일기,"1,964",9.85
229,에피소드,솔로의 연애,"4,281",9.89
230,에피소드,아케미아 아카데미,"3,237",9.86
231,에피소드,아내가 임신했다,"5,983",9.88
232,에피소드,마족사제,"2,319",9.89
233,에피소드,일타쌍피 -흑-,"3,376",9.81
234,에피소드,헤이노르딕,"1,810",9.86
235,에피소드,땅 보고 걷는 아이,"2,534",9.88
236,에피소드,1인용 기분,"7,459",9.87
237,에피소드,박하 이야기,"2,377",9.89
238,에피소드,4년째 신혼일기,465,9.76
239,에피소드,혼자를 기르는 법,"1,866",9.85
240,에피소드,하루끝에,228,9.77
241,에피소드,달콩달콩 일상,"2,094",9.82
242,에피소드,개포트,"2,928",9.88
243,에피소드,여행 다운,"3,965",9.87
244,에피소드,마음과 마법의 반비례,"2,642",9.88
245,에피소드,집에가고싶다,"3,089",9.90
246,에피소드,나는 토끼를 키운다.,327,9.88
247,에피소드,달기알,"4,450",9.88
248,에피소드,스투피즈,"3,673",9.89
249,에피소드,피곤한 직장인 일기,"4,659",9.90
250,에피소드,오늘도 핸드메이드!,"2,529",9.86
251,에피소드,안녕하세요 간호사입니다,"1,241",9.84
252,에피소드,주전부리,"1,720",9.86
253,에피소드,예서중 유나!,"1,338",9.36
254,에피소드,나눠먹는 로맨스,"2,907",9.71
255,에피소드,LSD,"7,683",9.86
256,에피소드,쥐인님과 나,"1,230",9.86
257,에피소드,쉼터에 살았다,"4,286",9.90
258,에피소드,그래도 괜찮을까?,"1,146",9.69
259,에피소드,업사이클 다이어리,"2,867",9.68
260,에피소드,미줌툰,"2,350",9.89
261,에피소드,국제결혼개그만화,"2,027",9.89
262,에피소드,모브,"6,252",9.86
263,에피소드,502호의 묘책,"2,775",9.89
264,에피소드,포이즌 아가씨,"3,625",9.87
265,에피소드,어쩌다 햄스터,"3,953",9.80
266,에피소드,너의 나날,"5,175",9.88
267,에피소드,판타스틱 시니어,"2,162",9.88
268,에피소드,컬러커플:extra,"3,285",9.84
269,에피소드,싱글리틀파파 다이어리,"1,544",9.88
270,에피소드,용사의 딸,"1,547",9.78
271,에피소드,천진난만 하루,"2,219",9.90
272,에피소드,부고,"1,528",9.85
273,에피소드,조금 수상한 연애시뮬레이션,"2,537",9.83
274,에피소드,쩜오라이프,"5,521",9.87
275,에피소드,라면순대,625,9.75
276,에피소드,서른살을 살았어,728,9.83
277,에피소드,가짜 좀비왕 4컷,"5,186",8.76
278,에피소드,심야알바,"1,123",9.85
279,에피소드,도시남녀제주라이프,"2,205",9.67
280,에피소드,혈액형에 관한 간단한 고찰,376,9.70
281,에피소드,뱀파이어 친구,901,9.87
282,에피소드,점심식탁,912,9.85
283,에피소드,순진한 로웰씨,"3,009",9.85
284,에피소드,원인탐구생활,"4,150",9.89
285,에피소드,오늘도 그래고래,"6,064",9.83
286,에피소드,멋도모르는여자,"5,394",9.82
287,에피소드,고딩의 사생활,864,9.85
288,에피소드,주부 1.5단,"1,586",9.84
289,에피소드,지금은 가난중,755,9.86
290,에피소드,오늘을 담다.,"3,963",9.89
291,에피소드,1인칭 외국인 시점,"1,609",9.90
292,에피소드,쓰레기 마일리지,123,9.66
293,에피소드,같이 꽃길 걸을까요?,"1,563",9.68
294,에피소드,쌍둥이부부일기,"1,553",9.87
295,에피소드,향기방기 연애일기,"1,956",9.65
296,에피소드,평범한(?) 지구인들,"1,295",9.75
297,에피소드,너와 나의 몰디브,"1,665",9.45
298,에피소드,오늘 뭐 해먹지?,933,9.85
299,에피소드,광고감독의 발암일기,"1,045",9.65
300,에피소드,미합중국 생존실태 보고서,890,9.82
301,에피소드,아스테리스크,"3,367",9.88
302,에피소드,수영만화일기,"1,994",9.86
303,에피소드,악마의 육아일기,"3,431",9.83
304,에피소드,이상과 현실,"4,071",9.89
305,에피소드,낯가리는 관종,"2,696",9.83
306,에피소드,구라디우스,"1,799",9.68
307,에피소드,중딩툰,"4,125",9.48
308,에피소드,웰캄 투 실버라이프,"3,513",9.90
309,에피소드,보이지 않는 사람,"1,552",9.10
310,에피소드,엑스트라 Z씨,"5,040",9.90
311,에피소드,꼬매,"6,083",9.75
312,에피소드,환상의 아이들,"4,251",9.89
313,에피소드,타챠노트,"4,333",9.80
314,에피소드,병원에서온그대,"1,002",9.74
315,에피소드,단역: 아무개,641,9.83
316,에피소드,도원향,"6,839",9.89
317,에피소드,내 고양이! 님,457,9.85
318,에피소드,우리는 예상치 못하게,"3,442",9.90
319,에피소드,달콤한 비밀 연애,499,9.67
320,에피소드,[지냥이] 친절한 '공익'씨,105,5.23
321,에피소드,홍차 리브레,"3,753",9.89
322,에피소드,아재소녀,"1,069",9.71
323,에피소드,무의식의 숲,"4,033",9.90
324,에피소드,더미,528,9.84
325,에피소드,재미개발,726,9.82
326,에피소드,슬프게도 이게 내 인생,196,9.85
327,에피소드,우당탕탕 학교가자!,"3,251",9.76
328,에피소드,극세사탐구생활,"1,479",9.85
329,에피소드,피카앤부,"1,673",9.84
330,에피소드,오늘도 먹음머금,"1,620",9.89
331,에피소드,바람도 그릴 수 있다면,436,9.66
332,에피소드,신선 마트 중간계지점,"1,301",9.89
333,에피소드,눈치없는 내 친구!,"1,554",9.77
334,에피소드,뿌리네 이야기,"1,402",9.77
335,에피소드,내가 엄마라니,"1,600",9.87
336,에피소드,웰시네 부부에세이,"2,898",9.59
337,에피소드,여탕보고서,"6,749",9.84
338,에피소드,김치걸 x 밀크티보이,"3,399",9.86
339,에피소드,이별에서 이별하는 법,"1,249",9.84
340,에피소드,졸렬☆다이나믹,"2,557",9.90
341,에피소드,이제 오냥?,"1,768",9.85
342,에피소드,나의 작은 조,"2,369",9.88
343,에피소드,"스물 다섯, 어디로 가야 하죠?","4,293",9.86
344,에피소드,무대에 서지 않지만 배우입니다,"4,559",9.85
345,에피소드,오묘한 가족,"2,124",9.86
346,에피소드,양푼비빔밥,614,9.79
347,에피소드,우리집 브로콜리,848,9.83
348,에피소드,개인적인택시,"1,996",9.89
349,에피소드,오늘 할래?,216,8.63
350,에피소드,좋아하는거 참으면 병나요!,"1,779",9.71
351,에피소드,무슨일이에요?,"1,529",9.77
352,에피소드,203호 저승사자,"2,101",9.75
353,에피소드,고양이 뚜껑,963,9.86
354,에피소드,빌리다이어트,531,9.82
355,에피소드,폐급 공무원,139,9.55
356,에피소드,혼자앤피스,392,9.74
357,에피소드,허니허니2 - 느리지만 괜찮아,"1,579",9.89
358,에피소드,송사리 레볼루션!,"2,978",9.85
359,에피소드,어쩌다 보니 용사가,463,9.64
360,에피소드,옴니버스 열애설,261,9.85
361,에피소드,얘보단 일 잘하겠지의 '얘',57,9.79
362,에피소드,사장님은 떡뽀끼!,"1,011",9.63
363,에피소드,니하오복고,"3,690",9.89
364,에피소드,선선한 이야기,"3,311",9.66
365,에피소드,CANADADA!,"2,030",9.86
366,에피소드,헬로리틀또리미,322,9.86
367,에피소드,우애 좋은 삼남매,"2,047",9.85
368,에피소드,Tilly the spiky hands,"1,310",9.88
369,에피소드,동거의 법칙,"1,161",9.88
370,에피소드,86'd,"1,143",9.85
371,에피소드,다르디움,697,9.87
372,에피소드,따뜻한 나의 코코,"2,739",9.89
373,에피소드,Day to Day,850,9.81
374,에피소드,베트남 프렌즈 여행기,"3,166",9.86
375,에피소드,마이 리틀 캐나다,352,9.85
376,에피소드,회장님,469,9.61
377,에피소드,내 낡은 서랍 속의 일기장,"2,013",9.88
378,에피소드,우리집에 놀러와!!,"1,873",9.85
379,에피소드,하아의 하루,"2,585",9.76
380,에피소드,몬스터즈필드,204,8.95
381,에피소드,헌댁이 되기전에,"1,228",9.79
382,에피소드,소년사이코,303,9.63
383,에피소드,채소담,398,9.71
384,에피소드,고양이로 살고 있습니다,"2,261",9.89
385,에피소드,내 열정은 최고조!,657,9.56
386,에피소드,살랑이는 하루,463,9.75
387,에피소드,이왕이면 감사,"1,542",9.76
388,에피소드,봉순이 일기,"1,790",9.84
389,에피소드,20&21세기남매,473,9.61
390,에피소드,THE 극한가장,798,9.76
391,에피소드,헛어른,"1,019",9.86
392,에피소드,오늘도 랄라,"1,521",9.74
393,에피소드,오롯이 당신을 위한 식탁,"1,024",9.77
394,에피소드,루미인싸이드,"2,067",9.86
395,에피소드,신세기 단편 동화,"1,668",9.88
396,에피소드,폭군의 궁전청소부,"2,334",9.84
397,에피소드,엘리자벳 데일리,"1,017",9.81
398,에피소드,덕후커플보고서,"4,065",9.88
399,에피소드,꿀벌과 아카시아,123,9.75
400,에피소드,말랑말랑인생,"1,017",9.81
401,에피소드,3번째 도막,631,9.86
402,에피소드,이상한사무실,"1,575",9.50
403,에피소드,소란 씨스터즈,"1,080",9.60
404,에피소드,S군의 직딩일기 시즌2,162,9.65
405,에피소드,동물의 왕국,178,9.80
406,에피소드,주경야dog,"1,038",9.84
407,에피소드,아무 마을 대잔치,795,9.86
408,에피소드,나는 귀머거리다,"11,173",9.90
409,에피소드,스크럼블 에그!,"1,206",9.82
410,에피소드,백수와 갓족,567,9.87
411,에피소드,모야툰,"1,079",9.69
412,에피소드,신기한 오늘,"2,779",9.52
413,에피소드,양철맨,185,9.24
414,에피소드,지켜주지못해서미안해,557,9.86
415,에피소드,라스가에!,"1,657",9.89
416,에피소드,술타는청춘,413,9.68
417,에피소드,지상최강고3히어로,"1,328",9.87
418,에피소드,여긴 어디,517,9.89
419,에피소드,도사님 도사님,376,9.32
420,에피소드,도나도나도나,"3,943",9.88
421,에피소드,궁디팡팡 토로토로,474,9.29
422,에피소드,자갈치땅콩,"1,430",9.86
423,에피소드,서른 되면 뭐 달라질 줄 아냐?,"2,929",9.86
424,에피소드,이런우정,"1,895",9.83
425,에피소드,유피씨의 그림일기,348,9.67
426,에피소드,에밀리 이야기,359,9.76
427,에피소드,봄날의 산보,"1,174",9.82
428,에피소드,소시민,"2,229",9.88
429,에피소드,게으른 고양이의 soso한 카페이야기,"2,904",9.84
430,에피소드,귀염뽀짝 애기뚱냥 뽀냥이,"1,795",9.84
431,에피소드,여전히 일상,651,9.88
432,에피소드,동물 마누라,467,9.77
433,에피소드,도깨비 하우스,403,9.81
434,에피소드,캐세랑세라,"1,949",9.89
435,에피소드,말랑말랑 생활사,464,9.68
436,에피소드,달콤한 나의 독일,"2,886",9.87
437,에피소드,너어는지인짜,"1,014",9.68
438,에피소드,한글을 그리다.,801,9.84
439,에피소드,"오늘,응","1,030",9.78
440,에피소드,전기수,"1,029",9.86
441,에피소드,일단은 프리터 입니다.,264,9.71
442,에피소드,fiction or nonfiction,"8,908",9.85
443,에피소드,보글보글챱챱,565,9.80
444,에피소드,카페레,765,9.85
445,에피소드,뜨뜨미지근한,"1,918",9.86
446,에피소드,오늘도 오셨네요,153,9.22
447,에피소드,식물생활,"1,069",9.79
448,에피소드,니친구 김저키,327,9.71
449,에피소드,"그래, 가끔 하늘을 보자",367,9.86
450,에피소드,보통의 외톨이,895,9.87
451,에피소드,모아이 스토리,638,9.86
452,에피소드,수채화 다이어리,"1,285",9.61
453,에피소드,발달일기,648,9.85
454,에피소드,래빗 콤바치!,"1,248",9.65
455,에피소드,돌레인더시티,"1,283",9.83
456,에피소드,3인3색 세쌍둥이,740,9.83
457,에피소드,"오늘, 뭐했어?","1,187",9.68
458,에피소드,장르 섞인 만화,757,9.75
459,에피소드,개년들,"1,402",9.87
460,에피소드,솔로가 좋다.,"1,402",9.87
461,에피소드,시바하루 (시바견의 하루),538,9.56
462,에피소드,느루느루하게,372,9.80
463,에피소드,배럴,193,9.51
464,에피소드,개구리툰,641,9.19
465,에피소드,자유부인,"1,569",9.86
466,에피소드,몬스터즈 하우스,"2,738",9.88
467,에피소드,젤라 유니버스,"1,514",9.88
468,에피소드,생각그물.,944,9.86
469,에피소드,우리는 친한친구,"1,974",9.36
470,에피소드,좋은개 나쁜개 이상한개,613,9.79
471,에피소드,애니메이킹,907,9.51
472,에피소드,미세만화 주의보,559,9.68
473,에피소드,앵무새 기숙사 309호,697,9.88
474,에피소드,오픈했어요 <매직컬 마카롱>,"1,232",9.90
475,에피소드,퍼머넌트옐로우,263,9.32
476,에피소드,다람쥐 란란,"1,216",9.86
477,에피소드,겨울성의 백작,468,9.86
478,에피소드,"빛, 봉인의 열쇠",981,9.76
479,에피소드,난다고시원,151,8.96
480,에피소드,연애의 정석,"5,734",9.70
481,에피소드,힘을내요 노모파워,"1,475",9.87
482,에피소드,숲속마을 친구들,"1,437",9.87
483,에피소드,여우야 여우야,"1,701",9.75
484,에피소드,나의 애니메이터 이야기,365,9.42
485,에피소드,애포칼립스,498,9.08
486,에피소드,봉쥬르보리,874,9.36
487,에피소드,리브 하이,83,9.56
488,에피소드,출근하개,367,9.04
489,에피소드,왕자님을 찾아라!,225,9.88
490,에피소드,생기발랄 다이어리,259,9.54
491,에피소드,로마의 법칙,377,9.88
492,에피소드,수화 배우는 만화,704,9.85
493,에피소드,오늘 하루도 말랑멜랑,812,9.88
494,에피소드,가가와 자반이,450,9.64
495,에피소드,꾸숑의 폭식니즘,767,9.74
496,에피소드,네크로맨서,"1,068",9.87
497,에피소드,안녕?위드니,"1,629",9.87
498,에피소드,여자가 더 좋아하는 연애,"4,509",9.85
499,에피소드,깨알공장공장장,"2,348",9.50
500,에피소드,레퀴에스,90,9.25
501,에피소드,클로버 신드롬,465,9.59
502,에피소드,플랫다이어리,536,9.89
503,에피소드,어느새 대학생,171,9.26
504,에피소드,궁미일기,648,9.77
505,에피소드,솔직히 말해서,937,9.69
506,에피소드,Penguin loves Mev,43,9.76
507,에피소드,우당탕탕 재끼 일상,490,9.50
508,에피소드,옥상난간에 엄지발가락,"1,495",9.73
509,에피소드,횡설수설 다이어리,"2,973",9.33
510,에피소드,묘생인생,"2,364",9.86
511,에피소드,웹툰왕,363,8.88
512,에피소드,유랑인류,674,9.84
513,에피소드,자본주의가 낳은 괴물,226,9.02
514,에피소드,슬로우템포,336,9.75
515,에피소드,엥앙일기,739,9.86
516,에피소드,아이보리,"2,727",9.87
517,에피소드,이 여자가 덕후로 사는 것,316,9.58
518,에피소드,소소일기,453,9.60
519,에피소드,얼인의 만아 (얼仁義 滿我),549,9.85
520,에피소드,암흑도시,37,8.92
521,에피소드,찌질라이프,104,9.37
522,에피소드,은해갑을깝치,153,9.24
523,에피소드,HAVE A NICE DAY,428,9.77
524,에피소드,겨까게 사랑한다,459,9.49
525,에피소드,냥만연애툰,596,9.54
526,에피소드,회사원 채대리,134,9.84
527,에피소드,맘스 다이어리,370,9.78
528,에피소드,모롱하게! 뜨개하게!,142,9.07
529,에피소드,NEXUS,568,9.87
530,에피소드,재테크는 스크루지,884,9.76
531,에피소드,긁적긁적,"1,260",9.42
532,에피소드,짜이타임,353,9.87
533,에피소드,홍할홍할,78,9.85
534,에피소드,스윗칵테일,"1,253",9.38
535,에피소드,별끝에서 땅끝까지,479,9.81
536,에피소드,고추밭 표류기,572,9.79
537,에피소드,망령왕이,169,9.52
538,에피소드,하엔,251,9.54
539,에피소드,조조할인,"2,590",9.87
540,에피소드,청춘금지,744,9.74
541,에피소드,야오네집,304,9.78
542,에피소드,이웃집 성녀님!,119,9.46
543,에피소드,굥이의 하루,911,9.66
544,에피소드,블랙옐로,125,8.86
545,에피소드,악마와 티타임,477,9.86
546,에피소드,낭만은 원래 돈이 없어야 하는 거래,"1,136",9.85
547,에피소드,랑앤마눌,124,9.79
548,에피소드,아빠랑 춤출래?,349,9.87
549,에피소드,짠이쨍아,70,9.66
550,에피소드,블러드 라이트,81,9.55
551,에피소드,가라사대,200,9.64
552,에피소드,바다다람지 육지상어,189,9.09
553,에피소드,부부사기단 늬우스,987,9.83
554,에피소드,랑데뷰,537,9.89
555,에피소드,하루와 모레,230,9.72
556,에피소드,루이와 졸개들 R,217,9.78
557,에피소드,일상중의 일상툰,272,9.24
558,에피소드,하푸하푸,"4,458",9.85
559,에피소드,플라즈마걸스,865,9.84
560,에피소드,그녀의 첫사랑,101,9.49
561,에피소드,이 세계의 마법사,135,9.77
562,에피소드,썰 삽니다! PM사무소,271,9.83
563,에피소드,GO! GO! 1학년 8반!!!,348,9.50
564,에피소드,"뉴욕, 고양이 그리고 나","1,953",9.87
565,에피소드,햄스터만 바라보다,697,9.87
566,에피소드,도담도담,500,9.38
567,에피소드,렛츠고!팜머스쿨!,480,9.85
568,에피소드,네모랜드,579,9.77
569,에피소드,신혼의 맛,72,9.03
570,에피소드,Animal Today (애니멀 투데이),121,8.93
571,에피소드,냥모나이트,285,9.82
572,에피소드,헛헛하다,660,9.77
573,에피소드,공작일보 工作日?,271,9.39
574,에피소드,쌍둥이네,722,9.87
575,에피소드,마왕의 휴일,932,9.87
576,에피소드,밥주세요~,218,9.80
577,에피소드,긩긩이의 평범한 일상,335,9.88
578,에피소드,인삼류,669,9.47
579,에피소드,하이타이,233,9.82
580,에피소드,벨시토,284,9.77
581,에피소드,모두에게 완자가,157,9.72
582,에피소드,버블티,"1,894",9.79
583,에피소드,미쓰토바,700,9.86
584,에피소드,79년생. 세상과 7979하다.,738,9.83
585,에피소드,오늘도 풀때기,262,9.69
586,에피소드,모서리에서,594,9.31
587,에피소드,이승전결,244,9.68
588,에피소드,그래도 조금 공부되는 만화,283,9.25
589,에피소드,도곰보와 친구들,247,8.71
590,에피소드,"달리자, 호주!",199,9.78
591,에피소드,저주를 걸어드립니다.,"1,023",9.87
592,에피소드,떠나가리,415,9.54
593,에피소드,뷰티풀 선샤인,104,9.16
594,에피소드,하루달콤 하루쌉싸름,"1,975",9.86
595,에피소드,홍차 한잔 어때요?,114,9.65
596,에피소드,그런만화,359,9.85
597,에피소드,뎐스러워,215,9.52
598,에피소드,모지리전,174,9.21
599,에피소드,히어로즈 플랜B,101,9.86
600,에피소드,덕과의 동침,"1,810",9.87
601,에피소드,저도 편집자는 처음이라,107,9.59
602,에피소드,북극곰자리,93,9.72
603,에피소드,핫차!핫차! 차나무生,118,9.35
604,에피소드,코코넨네,554,9.87
605,에피소드,노하우,273,9.76
606,에피소드,희한한 동물이야기,19,9.73
607,에피소드,우리집에 귀신이 사는것 같아,532,9.80
608,에피소드,나는 고양이와 살고 있다,464,9.85
609,에피소드,포토쥬스,7,5.52
610,에피소드,아무 말이나 해(보) SHOW,723,9.84
611,에피소드,오늘도 버섯전골,985,9.52
612,에피소드,앜,38,9.59
613,에피소드,고란툰,183,8.32
614,에피소드,마루여고,90,9.72
615,에피소드,러보얌♥,110,9.76
616,에피소드,어느 공대생 이야기,45,9.66
617,에피소드,Natural Born Idiots,69,9.79
618,에피소드,나비일기,107,9.83
619,에피소드,「김네몽's 그림일기」-시즌3.육아일기,237,9.71
620,에피소드,김모군의 일기,14,7.12
621,에피소드,괭씨의 나태한 세상,715,9.63
622,에피소드,달달한 러브컬렉션,"1,047",9.83
623,에피소드,BO고또'보'고,532,9.00
624,에피소드,점심을 위하여,57,9.28
625,에피소드,웅덩이,716,9.13
626,에피소드,꿀렁한 하루,"1,195",9.60
627,에피소드,마미기숙사,653,9.84
628,에피소드,우주 수호기사 마이티 캣!,211,9.78
629,에피소드,볼빨간씨의 하루,59,9.26
630,에피소드,뉴트리아,61,9.68
631,에피소드,초딩생활,262,9.75
632,에피소드,다이어트 뻬띠슈,66,7.47
633,에피소드,소미무,116,9.86
634,에피소드,올빼미집,529,9.09
635,에피소드,"할로, 케빈!",364,9.81
636,에피소드,판다독,286,9.42
637,에피소드,사랑이올까요,63,9.58
638,에피소드,블캣다이어리,420,9.73
639,에피소드,우리는한팀,193,9.05
640,에피소드,생생 생활기록부,944,9.86
641,에피소드,요런 요물들,427,9.86
642,에피소드,"달리자, 콜롬비아!",69,9.74
643,에피소드,아리랑부부,121,9.81
644,에피소드,반짝반짝 행복해,107,9.25
645,에피소드,마이툰,263,9.67
646,에피소드,위험한 연자씨,817,9.71
647,에피소드,정스 스토리,430,9.40
648,에피소드,알바생생,36,9.55
649,에피소드,오토리버스,215,9.76
650,에피소드,괴발개발,339,9.85
651,에피소드,안쭝의 소심러브,419,9.67
652,에피소드,개화여자정보고등학교,221,9.80
653,에피소드,구리의 구리구리,256,9.85
654,에피소드,개집사일기,341,9.80
655,에피소드,죽고 못사는 남매,118,9.80
656,에피소드,파르카이,16,9.80
657,에피소드,심모람 채널,97,9.83
658,에피소드,숙이네 이야기,402,9.82
659,에피소드,여기야! 헤드볼 빌리지,61,9.05
660,에피소드,유자의 오늘,532,9.86
661,에피소드,달달한 러브파이,153,9.86
662,에피소드,방울토마토,94,9.75
663,에피소드,도니월드,50,8.24
664,에피소드,pponnie(뽀니),"1,286",9.85
665,에피소드,개솔툰,29,6.87
666,에피소드,유령라이프,477,9.86
667,에피소드,낭만두더지 나두,20,9.51
668,에피소드,영어전쟁,712,9.86
669,에피소드,푸드 포스 레인저,231,9.81
670,에피소드,네셔널 지오캠퍼스,34,9.78
671,에피소드,YUGA,18,9.69
672,에피소드,스마일브러시,14,9.70
673,에피소드,룸메이트,52,9.57
674,에피소드,정팔이는 엄마,72,9.76
675,에피소드,[월이의] 언니다님의 살빠지는 세상,40,9.71
676,에피소드,슭이로운생활,62,9.66
677,에피소드,어쿠스틱라이프,185,9.57
678,에피소드,바리바리발발,786,9.86
679,에피소드,안해요씨,24,9.80
680,에피소드,스리핑거,275,9.65
681,에피소드,공감없는이야기,106,8.97
682,에피소드,소똥,30,9.32
683,에피소드,만하생,881,9.86
684,에피소드,고양이툰,16,8.69
685,에피소드,비스캣,55,9.64
686,에피소드,상상고양이,"1,548",9.86
687,에피소드,너의 목소리가 보여,801,9.86
688,에피소드,화니의소금주방,42,9.55
689,에피소드,간밧떼 유학생 시즌2,35,9.61
690,에피소드,"그 날, 이후의 세계",278,9.84
691,에피소드,"어서옵셔, 식당입니다.",127,9.39
692,에피소드,소년들은 무엇을 하고 있을까,"1,027",9.85
693,에피소드,안녕 도쿄,46,9.80
694,에피소드,톰캣!,9,9.76
695,에피소드,거꾸로-툰,"1,037",9.85
696,에피소드,위아더 능력자!,55,9.82
697,에피소드,베이비시터,22,9.74
698,에피소드,뽀거데이,51,9.76
699,에피소드,유피씨의 그림일기,50,9.53
700,에피소드,보통회사 이야기,333,8.96
701,에피소드,호랑 호랑이,62,9.44
702,에피소드,이여인,323,9.85
703,에피소드,천원일기,15,9.70
704,에피소드,하나마나,654,9.86
705,에피소드,ADHD 생활기,478,9.76
706,에피소드,사우나토크,7,9.68
707,에피소드,은퇴한 히어로,314,9.85
708,에피소드,배추걸다이어리,60,9.75
709,에피소드,야도닷껌,10,4.86
710,에피소드,작살패러디,11,9.13
711,에피소드,붕어빵 육아일기,188,9.30
712,에피소드,아프리카의 대장,8,9.43
713,에피소드,자취주부男 만화일기 / 금속문어,22,9.76
714,에피소드,고시생툰,69,9.69
715,에피소드,사랑의 기술,387,9.66
716,에피소드,애니멀'즈 매거진,752,9.79
717,에피소드,펭귄테일,"1,491",9.85
718,에피소드,딩스&뚱스,44,9.54
719,에피소드,BooBoo's Zoo(부부의 동물원),112,9.71
720,에피소드,코코랄라 육아일기,43,9.65
721,에피소드,오늘은 좀 더 낫겠지,88,9.68
722,에피소드,Punky Punky Life,45,9.80
723,에피소드,시골 앤더 시티,27,9.72
724,에피소드,문댕댕의 Day by day,29,9.76
725,에피소드,New 생각대로 양파링,45,9.44
726,에피소드,그들의 휴일,28,9.76
727,에피소드,여기까지 살아왔다!,18,9.17
728,에피소드,꽁치가 파닥파닥,85,9.69
729,에피소드,19평 사바나,177,9.54
730,에피소드,커피와 스무디,801,9.85
731,에피소드,정글라이프,273,9.84
732,에피소드,엄마는 고슴도치,18,9.52
733,에피소드,소소캣다이어리,67,9.76
734,에피소드,괜찮아yo,25,9.77
735,에피소드,안녕 내 스물일곱,615,9.85
736,에피소드,다크써클 몸빼바지,312,9.81
737,에피소드,인간사육일지,14,9.67
738,에피소드,평일의 나,792,9.86
739,에피소드,눈이 초롱초롱 반짝반짝♥,10,9.19
740,에피소드,엄마왜,24,9.62
741,에피소드,어제 오늘 그리고 내일,97,9.86
742,에피소드,안녕！후식맨,32,9.83
743,에피소드,언제나! 별난하루,16,9.50
744,에피소드,달자 다이어리,58,9.03
745,에피소드,난 누군가 또 여긴 어딘가,12,9.61
746,에피소드,불만시대,219,9.63
747,에피소드,잉문학,337,9.84
748,에피소드,아무래도 좋은 이야기,42,9.67
749,에피소드,잡초이야기,15,9.67
750,에피소드,여자의 마음,"2,380",9.62
751,에피소드,내맴툰,8,8.96
752,에피소드,고야의 일상판타지,58,9.80
753,에피소드,"오늘도 무사히,",93,9.63
754,에피소드,씨티라이프,11,9.25
755,에피소드,반쪽짜리 이야기,13,8.21
756,에피소드,추억이 뭉게뭉게,16,9.42
757,에피소드,뽀짜툰,95,9.85
758,에피소드,쏠쏠한 일기,53,9.81
759,에피소드,우리이모 이야기,13,9.50
760,에피소드,아무것도 아니에요,22,9.67
761,에피소드,댐비야,3,8.17
762,에피소드,매진녀 밀리케이,15,9.64
763,에피소드,융's 교육일지,20,9.55
764,에피소드,똥끼네,9,9.43
765,에피소드,악마왕의 괴팍한나라,16,9.50
766,에피소드,돈까스,10,9.69
767,에피소드,오가닉하게 우프!,537,9.85
768,에피소드,나른해 별곰,108,8.81
769,에피소드,델리의 말랑말랑,30,9.03
770,에피소드,씁쓸한 하루,770,9.83
771,에피소드,포그이야기,7,8.27
772,에피소드,자취방의 금수들,28,9.68
773,에피소드,소리다이어리,200,9.78
774,에피소드,남자들의 수다,26,9.70
775,에피소드,푸디와 친구들,35,7.78
776,에피소드,꽃보다 요지경,104,9.46
777,에피소드,피펨즈(FEFEMZ),23,9.33
778,에피소드,빅플 크루,158,9.33
779,에피소드,"발로 그린 이야기,",71,9.82
780,에피소드,은희공방,21,9.41
781,에피소드,김강사 이야기,15,9.80
782,에피소드,미쓰토바,24,9.78
783,에피소드,아멜리아,16,9.70
784,에피소드,프리템포,"1,832",9.86
785,에피소드,선인장과 라디오,11,9.75
786,에피소드,마니콩,15,9.62
787,에피소드,조각일기,103,9.77
788,에피소드,싸바? 싸바!,9,9.59
789,에피소드,즐거운 생활,3,8.67
790,에피소드,인디뽀뽀요,7,9.58
791,에피소드,커피중독자,33,9.38
792,에피소드,하루,16,9.67
793,에피소드,김복길의 blah blah,23,9.49
794,에피소드,불라불라,35,9.66
795,에피소드,컵씨의 마음차,38,9.65
796,에피소드,아버지와 아들,82,9.75
797,에피소드,천짜의 동동다리,3,6.87
798,에피소드,햄스케치,8,9.33
799,에피소드,스풍동산,4,6.95
800,에피소드,씁쓸남 유남생,207,9.81
801,에피소드,낭만다이어리,6,9.21
802,에피소드,인생은꿈맛,141,9.35
803,에피소드,블래비,10,9.71
804,에피소드,지나툰,7,9.46
805,에피소드,[하마탱] 일편단심 하여가,14,9.50
806,에피소드,카레카레,16,9.64
807,에피소드,바삭바삭한 친구들,5,9.56
808,에피소드,[톡툰],191,9.61
809,에피소드,곰팅이의 하늘우체통,190,9.57
810,에피소드,길에서 만나다,21,9.64
811,에피소드,콩담콩담,6,9.60
812,에피소드,달댕이는 10년차,12,9.80
813,에피소드,젠체스토리,141,9.37
814,에피소드,써라 그림일기,5,9.23
815,에피소드,유쾌빽양의 사회적응기,444,9.57
816,에피소드,블링유에의 텔레파시푸시,5,8.65
817,에피소드,Freeman Lee,13,9.74
818,에피소드,눅쓰의 일기,4,8.92
819,에피소드,블랙젤리,8,6.67
820,에피소드,롤랜드 엠블리,265,9.49
821,에피소드,무당벌레꼬린야,7,9.42
822,에피소드,달달한 하루,15,9.52
823,에피소드,토닥토닥 그라피티,6,9.53
824,에피소드,뿌바와 친구들,7,8.78
825,에피소드,[수잉츄|CRAZY CRAYON],17,9.71
826,에피소드,방랑 청춘기,9,9.18
827,에피소드,마장박 다이어리,54,8.66
828,에피소드,조립식,8,8.20
829,에피소드,러비츠,13,9.07
830,옴니버스,우리 카페 사장님이 이상하다,"9,197",9.91
831,옴니버스,느린한끼,"3,317",9.85
832,옴니버스,여기서 한잔할래?,"9,260",9.71
833,옴니버스,무엇이든 그려드립니닷!,"6,670",9.87
834,옴니버스,골짜기,577,9.48
835,옴니버스,인문학 거저보기 ~서양철학편~,"2,297",9.93
836,옴니버스,깜빡깜빡,"3,415",9.90
837,옴니버스,아틀레냐 비바체,"5,060",9.87
838,옴니버스,어둠의 일상툰,797,9.67
839,옴니버스,국밥소녀,710,8.67
840,옴니버스,루텔,"8,091",9.90
841,옴니버스,헤이쟝,316,9.72
842,옴니버스,내 계절에 있어줘,932,9.86
843,옴니버스,김작가의 오춘기 그림일기,"1,071",9.84
844,옴니버스,칠흑의 장미,313,9.83
845,옴니버스,모두의 단편선,"1,623",9.84
846,옴니버스,말레이시아 리스키씨,"1,123",9.89
847,옴니버스,158동 진상부부,"1,544",9.38
848,옴니버스,떴다! 자취생,231,9.44
849,옴니버스,옆집여대생,"19,876",9.81
850,옴니버스,디플로마티코,437,9.70
851,옴니버스,귀전구담,"20,322",9.90
852,옴니버스,나이트메어,"16,719",9.84
853,옴니버스,괴괴괴괴괴,"5,970",9.79
854,옴니버스,GIMS,"29,755",9.88
855,옴니버스,달콤쌉싸름해,"15,915",9.88
856,옴니버스,모노톤 책꽂이,255,9.27
857,옴니버스,위 아 애니멀스,"8,853",9.87
858,옴니버스,여우자매,"32,572",9.90
859,옴니버스,내일,"9,855",9.89
860,옴니버스,원주민 공포만화,"2,108",9.76
861,옴니버스,기묘한 기담,"2,429",9.86
862,옴니버스,기행 공포단편집,"10,645",9.89
863,옴니버스,강가네,"10,185",9.90
864,옴니버스,금요일,408,9.71
865,옴니버스,츤데레,"12,304",9.87
866,옴니버스,좀비 패밀리,"14,101",9.88
867,옴니버스,청사나이,"2,565",9.84
868,옴니버스,코스믹 코믹스,"26,009",9.89
869,옴니버스,해결사,"4,622",9.88
870,옴니버스,결혼생활 그림일기,"2,045",9.90
871,옴니버스,회색문: 괴담,"1,237",9.80
872,옴니버스,개인사생활,"1,724",9.63
873,옴니버스,Somewhere,"3,877",9.86
874,옴니버스,백일고 상상클럽,"4,976",9.87
875,옴니버스,벚꽃과 불꽃,"6,182",9.88
876,옴니버스,나의 작업실,"2,774",9.85
877,옴니버스,하루한끼 감정일기,"3,653",9.83
878,옴니버스,이상한 나라의 더 이상한 앨리스,"6,682",9.76
879,옴니버스,진지한 고교생!!,"2,818",9.80
880,옴니버스,청소년들의 사랑,631,9.61
881,옴니버스,인생맛집,"3,631",9.89
882,옴니버스,누군가의 이야기,"2,162",9.87
883,옴니버스,틈,"5,922",9.85
884,옴니버스,제카y 제카툰,891,9.81
885,옴니버스,Cafe OK,"10,013",9.87
886,옴니버스,일상 로맨스,"1,858",9.85
887,옴니버스,일상을 지켜라,"2,044",9.88
888,옴니버스,당신은 왼손을 모른다,"2,239",9.87
889,옴니버스,스프린터,"1,339",9.85
890,옴니버스,흙수저를 위한 나라는 없다,"2,143",9.55
891,옴니버스,숲,"6,199",9.90
892,옴니버스,만화유치원,"1,609",9.87
893,옴니버스,남조선일기,933,9.58
894,옴니버스,아버지 이야기,"4,269",9.84
895,옴니버스,결혼하고 싶지 않았는데 못하게 되었다.,"1,981",9.85
896,옴니버스,보람특기고등학교,"2,882",9.89
897,옴니버스,포-갓,"3,573",9.88
898,옴니버스,B텐더,"1,639",9.80
899,옴니버스,푸므로 달려와,"6,030",8.83
900,옴니버스,놓지마정신줄,"1,786",9.42
901,옴니버스,검은새,791,9.80
902,옴니버스,그남자의네일공간,"4,195",9.74
903,옴니버스,잔액이 부족합니다,"3,710",9.90
904,옴니버스,오리씨와 이글군,"1,801",9.85
905,옴니버스,러블리러브,864,9.59
906,옴니버스,이래서 애들은,"5,025",9.88
907,옴니버스,새벽에 듣는 만화,"1,191",9.86
908,옴니버스,아무것도 모르지만,284,9.80
909,옴니버스,존버닥터,"1,608",9.75
910,옴니버스,미친4컷 2010,387,9.74
911,옴니버스,딩가딩 서콩,"1,447",9.85
912,옴니버스,달과 바다와 관찰자,"2,550",9.87
913,옴니버스,마물전담부대,"2,695",9.89
914,옴니버스,이웃집 기린씨!,"2,425",9.90
915,옴니버스,컬러풀,800,9.83
916,옴니버스,피그말리온,"1,659",9.88
917,옴니버스,그래도 행성은 돈다,"1,107",9.28
918,옴니버스,찌질이의 아프리카 라이프,"1,178",9.89
919,옴니버스,불만있어?,"2,731",9.90
920,옴니버스,유진의 환상특급열차,"2,387",9.90
921,옴니버스,페카텀,"2,269",9.77
922,옴니버스,개그잡종,949,9.29
923,옴니버스,오타쿠의 일상,510,9.72
924,옴니버스,벽(로그아웃),"1,342",9.82
925,옴니버스,인생사진,"1,646",9.69
926,옴니버스,대작으로 가는 길,"1,407",9.87
927,옴니버스,오즈의 바보들,"2,104",9.88
928,옴니버스,흐려지지만 선명하게,"1,205",9.68
929,옴니버스,스쿨워터,"3,482",9.81
930,옴니버스,환상여행,190,9.89
931,옴니버스,체크메이트 더 게임,"1,076",9.43
932,옴니버스,신,531,9.69
933,옴니버스,우리부부는개발개발해,525,9.85
934,옴니버스,HOL(전설의 역사),"1,895",9.40
935,옴니버스,멍멍이랑,"2,645",9.89
936,옴니버스,파리에서 살아남기,775,9.84
937,옴니버스,주간도시기담,246,9.19
938,옴니버스,중독연구소,"3,037",9.58
939,옴니버스,설단,541,9.76
940,옴니버스,설레이는 나날,"1,035",9.83
941,옴니버스,동물화실,"1,785",9.90
942,옴니버스,오늘의 퇴마,"2,958",9.87
943,옴니버스,환상동화 모음집,453,9.65
944,옴니버스,하제,"1,203",9.87
945,옴니버스,네모네모-in dosi,"1,964",9.82
946,옴니버스,뿅가이,"2,339",9.86
947,옴니버스,지옥문,"1,162",9.85
948,옴니버스,PANDEMIC,"2,099",9.83
949,옴니버스,채채쓰의 웃픈일기,906,9.86
950,옴니버스,헝그리 블러드,428,9.81
951,옴니버스,도와줘요 사신님!,"1,965",9.55
952,옴니버스,아좀비,247,8.10
953,옴니버스,고양이 마법학교,"1,853",9.80
954,옴니버스,내 어린고양이와 늙은개,167,9.76
955,옴니버스,구나의 그랬구나,"1,408",9.88
956,옴니버스,헬로사이공,674,9.88
957,옴니버스,야옹방범대,"2,256",9.89
958,옴니버스,익숙한 땅콩들,250,9.84
959,옴니버스,하루살이 소년,944,9.87
960,옴니버스,한 뼘 공포집,534,9.60
961,옴니버스,궤짝,881,9.79
962,옴니버스,스푸키 멜로디,"2,562",9.88
963,옴니버스,돌팔이 작명소,383,9.57
964,옴니버스,무선혜드셋 정보툰!!,"2,117",9.89
965,옴니버스,잘지내나요?,775,9.80
966,옴니버스,낭떠러지 밖으로 점프,730,9.76
967,옴니버스,아이돌 Dis토피아,625,9.74
968,옴니버스,페탈(쥬브나일스),829,9.85
969,옴니버스,한국 프로야구사,"1,156",9.53
970,옴니버스,NIHIL DANT,878,9.82
971,옴니버스,이런 영웅은 싫어,"1,225",9.78
972,옴니버스,지구와 사람과 동물,"5,966",9.88
973,옴니버스,꼬마마법사 박광태,244,9.75
974,옴니버스,밑밥,387,9.83
975,옴니버스,베이퍼 정키스,601,9.34
976,옴니버스,어디사세요,578,9.82
977,옴니버스,딴 짓이 제일 재밌어,500,9.71
978,옴니버스,OO마트에 놀러오세요.,"1,137",9.79
979,옴니버스,기생하는 심장,262,9.86
980,옴니버스,마왕 옆자리 비서 한 마리,181,9.80
981,옴니버스,주름진 사장님,652,9.51
982,옴니버스,후덜덜덜 남극전자,180,9.84
983,옴니버스,인수니즘 코믹스,434,9.79
984,옴니버스,다섯개의이름,260,9.76
985,옴니버스,유리구두의 비밀,"1,325",9.76
986,옴니버스,조선타임트래블,"1,083",9.84
987,옴니버스,할로우 포인트,191,9.85
988,옴니버스,귀현설(鬼現說),308,9.44
989,옴니버스,천사는 야옹,"1,538",9.90
990,옴니버스,어쩌지 남여,"2,237",9.79
991,옴니버스,링거,748,9.73
992,옴니버스,인생은 너울너울,656,9.65
993,옴니버스,고스트 월드,443,9.55
994,옴니버스,충충의 하루,561,9.66
995,옴니버스,찌의일찌,580,9.68
996,옴니버스,문아(問我),267,9.76
997,옴니버스,몽글툰,824,9.73
998,옴니버스,신과 인간에 관한 재밌는 상상화,201,9.80
999,옴니버스,썸툰,"11,055",9.87
1000,옴니버스,사랑비,234,8.52
1001,옴니버스,셀프피쉬,"1,050",9.87
1002,옴니버스,낙타의 숲,110,9.50
1003,옴니버스,소온치 이야기,531,9.66
1004,옴니버스,쿨쿨상담,"1,590",9.86
1005,옴니버스,봉산코믹스,"2,916",9.78
1006,옴니버스,하이라몽,"1,837",9.53
1007,옴니버스,무차별 소년소녀,275,9.77
1008,옴니버스,"고양이별, 지구별",476,9.80
1009,옴니버스,다크로드인,241,9.86
1010,옴니버스,슭의 말년휴가,16,8.78
1011,옴니버스,진부한 로맨스는 영원히.,166,9.77
1012,옴니버스,타인 행성 표류기,846,9.65
1013,옴니버스,저리가요 마왕씨,"3,469",9.86
1014,옴니버스,빈센트,485,9.77
1015,옴니버스,우리집 장롱대마왕,"2,388",9.78
1016,옴니버스,토끼,"1,535",9.74
1017,옴니버스,기기묘묘시리즈,280,9.84
1018,옴니버스,별정직 통신사,438,9.75
1019,옴니버스,바람따라 물따라,529,9.74
1020,옴니버스,망생이 전투,278,9.67
1021,옴니버스,"참아줘요, 마리안느!",322,9.41
1022,옴니버스,당신의 한 순간,288,9.77
1023,옴니버스,병맛극장,430,9.75
1024,옴니버스,살신성인,"37,353",9.85
1025,옴니버스,히 러브즈 미,133,9.52
1026,옴니버스,마키시의 이웃들,"2,107",9.86
1027,옴니버스,송곳니 가족,562,9.37
1028,옴니버스,고고픽션,271,9.78
1029,옴니버스,천하무적 칠남매,98,9.75
1030,옴니버스,오빠 까는 만화,353,9.85
1031,옴니버스,우주수렴법칙,559,9.76
1032,옴니버스,핑크표범의 야미어트,246,9.80
1033,옴니버스,롼든girl,634,9.58
1034,옴니버스,신기록,111,9.86
1035,옴니버스,괴짜여기숙사,89,9.77
1036,옴니버스,시궁쥐구멍,136,9.79
1037,옴니버스,십장르,123,8.29
1038,옴니버스,크리스마스 이브 캔 킬 유,210,9.70
1039,옴니버스,서당개 삼년이면 풍월을 읊는다.,256,9.81
1040,옴니버스,실질객관동화,104,9.75
1041,옴니버스,미스테리 게임,107,9.72
1042,옴니버스,마나마나,"1,290",9.86
1043,옴니버스,아이들의 권 선생님,172,9.79
1044,옴니버스,망각의 주인,432,9.87
1045,옴니버스,버티고,488,9.71
1046,옴니버스,blooming(블루밍),"1,218",9.87
1047,옴니버스,지호의 기묘한 원룸,34,9.64
1048,옴니버스,죽어도 숨은 쉰다,"12,913",9.85
1049,옴니버스,망상특급열차,514,9.64
1050,옴니버스,초딩생활2<달탐정발명대>,261,9.64
1051,옴니버스,[캠핑툰] 햇살이 따스해!,103,9.75
1052,옴니버스,도레미친만화,34,6.82
1053,옴니버스,저주상인,66,9.76
1054,옴니버스,제가 그냥 보라색을 좋아하는데요 (제.그.보.),954,9.86
1055,옴니버스,소원을 이루어 줄게!,82,9.53
1056,옴니버스,지구방위 연구소,31,9.74
1057,옴니버스,언더 더 애플트리,106,9.29
1058,옴니버스,딸기랑 나랑,127,9.86
1059,옴니버스,재온,101,9.79
1060,옴니버스,만물상,924,9.82
1061,옴니버스,평범한 하루,75,9.77
1062,옴니버스,조선명탐정 진현군,56,9.77
1063,옴니버스,여자만화[구두],290,9.74
1064,옴니버스,날것,172,8.78
1065,옴니버스,우바우(우리가 바라는 우리),"3,177",9.85
1066,옴니버스,[실화] 사랑하니까 시즌1,97,9.76
1067,옴니버스,브리스크 펄데이즈,130,9.01
1068,옴니버스,올리브스쿨(Olive school),98,9.77
1069,옴니버스,지천명 단편집,171,9.74
1070,옴니버스,사각사각,694,9.86
1071,옴니버스,사사롭지만 좋은 날,179,9.86
1072,옴니버스,콜맨,15,8.93
1073,옴니버스,One Bite Of The Apple,209,9.82
1074,옴니버스,기래믹스,400,9.72
1075,옴니버스,L.C.S.F,80,9.81
1076,옴니버스,「 사랑中.. 」,102,9.77
1077,옴니버스,[H愛TE],34,9.63
1078,옴니버스,친절한영희씨,41,9.60
1079,옴니버스,단편 시리즈,19,9.75
1080,옴니버스,잭과콩나물!!,69,9.45
1081,옴니버스,우리는 고저스맨!,24,9.58
1082,옴니버스,크리스탈 레인져,50,9.57
1083,옴니버스,빨간눈 토끼,300,8.52
1084,옴니버스,왕성고의 흔한 사건,44,9.78
1085,옴니버스,신단군전,41,9.65
1086,옴니버스,Captor,24,9.76
1087,옴니버스,건축카페 종이집,"1,229",9.77
1088,옴니버스,수신기 搜神記,54,9.78
1089,옴니버스,미친G (미숙한친구는G구인),58,9.77
1090,옴니버스,저승의 간섭,14,9.66
1091,옴니버스,샌프란시스코 화랑관,126,9.83
1092,옴니버스,잠이오냐,26,9.76
1093,옴니버스,망자카페,"2,878",9.78
1094,옴니버스,애정만사,16,8.45
1095,옴니버스,MASK BOY,24,9.55
1096,옴니버스,집에가고싶다,18,8.08
1097,옴니버스,스펠 SPELL,56,9.79
1098,옴니버스,웬일이니!!!,13,9.59
1099,옴니버스,하트먼트,32,9.74
1100,옴니버스,네로의 실험실,62,9.82
1101,옴니버스,산타시스템,19,9.37
1102,옴니버스,마요네즈참조아,22,9.68
1103,옴니버스,이리안경점,74,9.78
1104,옴니버스,그린애플,402,9.80
1105,옴니버스,고!고!루키루!,32,9.69
1106,옴니버스,HAVEN's,9,9.40
1107,옴니버스,환상음악단편선,219,9.69
1108,옴니버스,슷슷,106,8.99
1109,옴니버스,돼지코,29,9.60
1110,옴니버스,미미의일상,30,9.47
1111,옴니버스,NEIGHBORHOOD,22,9.59
1112,옴니버스,글더하기그림,259,9.82
1113,옴니버스,[그녀의 비무다],26,9.68
1114,옴니버스,파란만장 꼬무신 일지,8,9.09
1115,옴니버스,블루베리 옹심이,22,9.67
1116,옴니버스,BEST WAY,6,9.48
1117,옴니버스,어나더 월드,64,9.85
1118,옴니버스,케이쿤 이야기,14,9.38
1119,옴니버스,다크서클,11,9.78
1120,옴니버스,허브향기좋은날?SF,35,9.76
1121,옴니버스,아띠아노,139,9.36
1122,옴니버스,도치생각,4,9.32
1123,옴니버스,쳇 세렌디피티,12,9.08
1124,옴니버스,허당견라이푸 새미,6,8.70
1125,스토리,햇살 주인공을 악당으로 키워버렸다,"10,468",9.79
1126,스토리,빨간맛 로맨스,"14,300",9.86
1127,스토리,저승파견고용직,"25,696",9.89
1128,스토리,묘령의 황자,"2,956",9.92
1129,스토리,팬시x팬시,"3,760",9.65
1130,스토리,행복을 만드는 방법,"2,084",9.83
1131,스토리,악마법소녀,"2,180",9.90
1132,스토리,스토커의 하루,"1,238",9.65
1133,스토리,사지선다,"1,419",9.73
1134,스토리,일찍 자고 일찍 일어나기,"8,441",9.90
1135,스토리,대공녀는 거기에 없었다,"4,703",9.71
1136,스토리,너와 가까워지는 거리,"4,975",9.67
1137,스토리,만월에 핀 연꽃,"5,229",9.67
1138,스토리,피치인러브,"1,216",9.42
1139,스토리,디바이스,"4,989",9.84
1140,스토리,남편 먹는 여자,629,9.60
1141,스토리,이세계 국밥 마스터,"4,068",9.56
1142,스토리,템플러,664,9.50
1143,스토리,"그날, 우리들의 여름.","4,434",9.79
1144,스토리,두꺼비집,"1,213",9.76
1145,스토리,하루의 하늘,"2,354",9.47
1146,스토리,런어웨이,"17,895",9.78
1147,스토리,행운을 부르는 고양이씨,"1,247",9.89
1148,스토리,미신,572,9.68
1149,스토리,서툴고 어리숙해도 좋아하는,"1,801",9.90
1150,스토리,언니가 돌아왔다,"4,449",9.84
1151,스토리,미친 꽃은 답도 없다,"3,751",9.71
1152,스토리,죽음과 동화,"7,422",9.88
1153,스토리,누들트럭,800,9.22
1154,스토리,그림셔틀,"1,083",9.80
1155,스토리,러브 유어 시스터,"10,375",9.82
1156,스토리,오무라이스 프로젝트,"1,092",9.58
1157,스토리,LADS'PARTY,"3,704",9.54
1158,스토리,저승 화랑전,"4,666",9.90
1159,스토리,저승 화랑 이야기,"3,904",9.90
1160,스토리,만화 임진왜란,"2,679",9.78
1161,스토리,새벽인력,359,9.73
1162,스토리,마이데이,"4,912",9.69
1163,스토리,솔의 일기,"1,048",9.81
1164,스토리,용사 성장 프로젝트,555,9.66
1165,스토리,용사가 되고 싶지 않아,785,9.88
1166,스토리,여왕의 계절,"5,054",9.87
1167,스토리,저승길잡이,"1,966",9.90
1168,스토리,Jun과 나,"8,234",9.89
1169,스토리,소라비의 잡화점,"1,544",9.77
1170,스토리,체리 블러드,850,9.48
1171,스토리,클리셰,"4,686",9.86
1172,스토리,S탐정 앙드레,"1,044",9.93
1173,스토리,메모리얼,522,9.73
1174,스토리,테일 오브 빌런,537,9.84
1175,스토리,오 사장님은 상사병,129,9.34
1176,스토리,"헬로,로시!",375,9.74
1177,스토리,케어시트,706,9.70
1178,스토리,올림포스 랩소디,147,9.45
1179,스토리,땅거미들,671,9.69
1180,스토리,모험가 용역 장씨,810,9.82
1181,스토리,꽃이 피는 자리,275,9.57
1182,스토리,프레이,647,9.69
1183,스토리,시크릿 하숙집,370,9.68
1184,스토리,사랑하는 제자들,598,9.66
1185,스토리,개판오분전,"3,919",9.66
1186,스토리,당할연,669,7.97
1187,스토리,너는 나의 2%,234,9.79
1188,스토리,절망 에스프레소,825,9.88
1189,스토리,블랙펄,"2,150",9.73
1190,스토리,두번째 나에게,265,9.70
1191,스토리,계단,225,9.65
1192,스토리,능력안경,"7,883",9.90
1193,스토리,블루랜드,"2,554",9.90
1194,스토리,아타나시아,584,9.69
1195,스토리,곰의 딸,"1,118",9.46
1196,스토리,착한남자 김우진,728,8.32
1197,스토리,황녀의 기사,92,9.80
1198,스토리,질주,295,9.75
1199,스토리,당신의 쓸모,389,9.64
1200,스토리,[BL] HOLY JUNK,"2,186",9.54
1201,스토리,더 리턴,"2,313",9.67
1202,스토리,육식 토끼,"1,285",9.80
1203,스토리,나를 찾아줘,"1,361",8.13
1204,스토리,덩키파티,"1,042",9.59
1205,스토리,서유신마록,559,9.68
1206,스토리,숲의 향연,"1,512",9.73
1207,스토리,"나는 오늘, 퇴사를 하였다.",341,9.81
1208,스토리,폴라로이드,160,9.84
1209,스토리,"지몽, 선 너머의 나","2,194",9.60
1210,스토리,30일의 시간여행,816,9.44
1211,스토리,발푸르기스의 너머,407,9.72
1212,스토리,붉은 이정표,190,9.85
1213,스토리,아라군주,145,9.71
1214,스토리,에고 인 휴고,349,9.77
1215,스토리,디센트,900,9.59
1216,스토리,베텔게우스,621,9.46
1217,스토리,로그 아일,905,9.71
1218,스토리,보충수업,87,9.37
1219,스토리,초시공아기 요핸슨!!,54,9.61
1220,스토리,기억지도,360,9.65
1221,스토리,걸어서 30분,"77,235",9.90
1222,스토리,연애싫어,"27,229",9.85
1223,스토리,원더키퍼,"1,123",9.90
1224,스토리,저주라는이름의축복,"1,566",9.86
1225,스토리,플래닛자이언,434,9.38
1226,스토리,시나브로 너에게,131,9.61
1227,스토리,탑스피드,19,9.51
1228,스토리,미스터리 록앤 시트러스,100,9.37
1229,스토리,어둠의 창 번외편-토아 이야기,"1,254",9.56
1230,스토리,그림그리기 좋은날,"60,558",9.90
1231,스토리,금수저,"15,920",9.85
1232,스토리,옆집에 그녀가 산다,873,9.63
1233,스토리,이루어지리다,137,9.66
1234,스토리,하드오피스,60,9.48
1235,스토리,F I X,562,9.49
1236,스토리,광해와 이순신,"1,093",9.61
1237,스토리,기억 속 너에게,271,9.05
1238,스토리,백온더트랙,207,8.67
1239,스토리,매그니피센트,325,9.79
1240,스토리,홍시는 날 좋아해!,"23,335",9.89
1241,스토리,그림자게임,"5,313",9.86
1242,스토리,내손잡아줄사람,"27,779",9.83
1243,스토리,고양이식당,53,9.90
1244,스토리,백발의 유성,91,9.37
1245,스토리,이상적인 관계,"17,487",9.89
1246,스토리,"달콤쌉쌀,민트","22,080",9.88
1247,스토리,예쁘니까 괜찮아,"7,202",9.86
1248,스토리,너의 뒤에서,330,9.60
1249,스토리,이름을 빌려드립니다,"3,466",9.76
1250,스토리,발자국이 녹기전에,"18,326",9.87
1251,스토리,킥오프,"13,194",9.73
1252,스토리,그대라서,"29,547",9.88
1253,스토리,덴큐,"3,223",9.73
1254,스토리,찔레꽃 그너머,525,9.86
1255,스토리,분홍분홍해,"16,264",9.85
1256,스토리,테이커,"17,562",9.85
1257,스토리,"잘가, 좋은 아침이야","24,387",9.87
1258,스토리,트라우마,"43,506",9.90
1259,스토리,나는 공주다,"12,779",9.61
1260,스토리,보스 인 스쿨,"9,206",9.87
1261,스토리,서울신이전,66,8.93
1262,스토리,슈체나리움 (Szenarium),357,9.13
1263,스토리,옥탑방 갑남을녀,"16,245",9.87
1264,스토리,같이 살아요!,"5,215",9.90
1265,스토리,꽃이 피면 우리는,"21,942",9.87
1266,스토리,인어를 위한 수영교실,"5,728",9.90
1267,스토리,가담가담,"13,546",9.88
1268,스토리,소년의 신성,"8,831",9.85
1269,스토리,부서진 평시,45,9.61
1270,스토리,연놈,"42,150",9.85
1271,스토리,#살인스타그램,"3,499",9.58
1272,스토리,초상화,"9,438",9.86
1273,스토리,빌린 몸,"5,067",9.83
1274,스토리,로어스쿨,"15,378",9.89
1275,스토리,꽃샘바람,37,9.29
1276,스토리,수상한복학생,"6,065",9.85
1277,스토리,음남미녀,"6,777",9.87
1278,스토리,우리 오빠는 아이돌!,"9,589",9.83
1279,스토리,엑스마키나,92,6.85
1280,스토리,마이웨이수호신,24,8.31
1281,스토리,애니멀 팜!,"18,341",9.87
1282,스토리,긁지 않은 복권,"9,555",9.89
1283,스토리,취사병 전설이 되다,"1,660",9.89
1284,스토리,드림캡슐(Dream Capsule),"11,566",9.89
1285,스토리,환생게임,"5,474",9.46
1286,스토리,라라파루자,"8,994",9.80
1287,스토리,연애고자 모하나,"3,582",9.85
1288,스토리,"매일, 제일","14,659",9.90
1289,스토리,고양이 프린스,"8,643",9.79
1290,스토리,백일몽화원,"2,092",9.70
1291,스토리,자살방지위원회,"2,998",9.90
1292,스토리,GO!라니,"11,053",9.88
1293,스토리,귀각시,"17,943",9.85
1294,스토리,슈넨베리아,"16,787",9.88
1295,스토리,리얼 소꿉친구,"4,195",9.86
1296,스토리,다 이아리,"6,560",9.84
1297,스토리,그녀의 거리,"12,347",9.88
1298,스토리,학용품 대전,"3,140",9.75
1299,스토리,날지못하는악마,"14,605",9.89
1300,스토리,잉여특공대,"10,917",9.88
1301,스토리,기안84 회고록,"3,645",9.85
1302,스토리,겨울에 웃는 꽃,"21,175",9.86
1303,스토리,오! 덕후를 위하여,"20,313",9.89
1304,스토리,루나샵에 어서오세요!,"16,448",9.90
1305,스토리,마법약사,"21,940",9.90
1306,스토리,간떨어지는 동거,"6,340",9.86
1307,스토리,오늘도 사랑하세요,"11,314",9.89
1308,스토리,삶이 우리를 속일지라도,"2,431",9.89
1309,스토리,DOLL,"14,693",9.90
1310,스토리,이역,"9,646",9.86
1311,스토리,(Old)악마법소녀,"11,193",9.88
1312,스토리,얼티미터,"4,479",9.89
1313,스토리,복학생 정순이,"7,676",9.89
1314,스토리,Twins Love Story (트윈스 러브 스토리),"14,915",9.86
1315,스토리,어항속 꽃밭,"25,838",9.85
1316,스토리,서폿저택에 어서오세요,"18,878",9.86
1317,스토리,극한고딩,"12,623",9.89
1318,스토리,너를 싫어하는 방법,"8,588",9.89
1319,스토리,단짠남녀,954,9.88
1320,스토리,Save Me,"3,348",9.86
1321,스토리,미래의너에게,"11,691",9.89
1322,스토리,스페셜 게스트,"4,136",9.82
1323,스토리,그대 첫사랑,"6,596",9.87
1324,스토리,"우주에서제일못생긴설정이지만,그래도연애할수있을거같아","3,365",9.85
1325,스토리,일코선생,"3,517",9.88
1326,스토리,루커피쳐,"26,934",9.89
1327,스토리,100%의 연인,"1,558",9.87
1328,스토리,"불편해요, 선배님!","19,419",9.90
1329,스토리,제임스 널 저주해 그리고 사랑해,"1,250",9.66
1330,스토리,일기장,"8,213",9.88
1331,스토리,여자 공수혁,"22,887",9.89
1332,스토리,성형술사,"6,557",9.73
1333,스토리,인어의 연못,"8,370",9.88
1334,스토리,너를 들을 수 있는,"7,551",9.82
1335,스토리,네가 내 천사라고?!,"2,729",9.86
1336,스토리,지금은 37.2도,"10,039",9.75
1337,스토리,무브더크라우드,"3,010",9.79
1338,스토리,하루만 네가 되고 싶어,"9,037",9.89
1339,스토리,버기버그,"3,674",9.86
1340,스토리,현세이의 보이는 라디오,"16,368",9.89
1341,스토리,살인방귀,"4,521",9.68
1342,스토리,하나밖에 안 보여!,"36,206",9.88
1343,스토리,그악나천,"5,021",9.52
1344,스토리,등교하는 근식이,"2,182",9.90
1345,스토리,봄에 꽃 한송이,"4,018",9.89
1346,스토리,겨울과 봄사이,"17,023",9.86
1347,스토리,아싸라비아,"5,774",9.86
1348,스토리,히어로망스,"1,777",9.85
1349,스토리,너나들이,"11,255",9.87
1350,스토리,검의계승자,"3,007",9.87
1351,스토리,사귀자,"5,772",9.87
1352,스토리,위치파이와 미드나잇주스,"19,741",9.84
1353,스토리,마왕이 되는 중2야,"2,850",9.88
1354,스토리,랭커앤랭커,"9,873",9.80
1355,스토리,트위너,"3,503",9.83
1356,스토리,소녀의 마음으로,"2,273",9.85
1357,스토리,이웃집의 스토커군,"2,498",9.59
1358,스토리,사춘기소녀 커플즈,"63,436",9.81
1359,스토리,이별에서 우리는,730,9.86
1360,스토리,지구인입니다,"9,253",9.88
1361,스토리,미로의 정원,"6,324",9.89
1362,스토리,블랙앤서,"2,836",9.74
1363,스토리,오늘은 비,"12,519",9.89
1364,스토리,리틀프린스!,"3,507",9.77
1365,스토리,낭랑 18세,"5,074",9.85
1366,스토리,연애혁명,"6,664",9.86
1367,스토리,하늘에 핀 동백꽃,"11,209",9.88
1368,스토리,하이퍼(HYPER),"1,457",9.46
1369,스토리,돌아와 리즈!,"2,963",9.77
1370,스토리,잊지 말아요,"5,148",9.86
1371,스토리,투명한 동거,"2,558",9.85
1372,스토리,알타고,845,9.75
1373,스토리,[BL] Fools,532,9.35
1374,스토리,미르신화전기,"3,849",9.86
1375,스토리,10월 28일,"2,913",9.88
1376,스토리,합법해적 파르페,"2,589",9.90
1377,스토리,아홉수 우리들,"3,524",9.89
1378,스토리,별의아씨,"4,730",9.59
1379,스토리,초월! 집사소녀!!,"1,758",9.54
1380,스토리,설레긴 개뿔,"8,010",9.85
1381,스토리,달리다굼,"10,274",9.85
1382,스토리,절교여행,589,9.82
1383,스토리,죽은자를 상대하는 방법,"5,407",9.85
1384,스토리,가타부타타,"3,576",9.85
1385,스토리,고냥고냥,"10,886",9.90
1386,스토리,셀리아의 어린 연인,"1,058",9.84
1387,스토리,요괴백정,"2,468",9.85
1388,스토리,달수이야기,"6,620",9.86
1389,스토리,거미의 상자,"8,620",9.90
1390,스토리,그 앨리스에게 판타지란 없다,918,9.89
1391,스토리,검은인간,"1,275",9.89
1392,스토리,구남친톡,505,9.85
1393,스토리,사형제,"11,532",9.88
1394,스토리,언더페인팅,"2,622",9.89
1395,스토리,불러줘 내 이름만,"2,612",9.88
1396,스토리,일어나보니 치킨,"2,955",9.86
1397,스토리,실연소녀,"7,549",9.89
1398,스토리,요리GO,"3,163",9.82
1399,스토리,청춘고딩,"1,956",9.69
1400,스토리,다이어트는 내일부터,"3,178",9.69
1401,스토리,완전범죄,996,9.68
1402,스토리,스타일리쉬 리벤지,"9,586",9.62
1403,스토리,이매무당전,"4,576",9.90
1404,스토리,그 세계의 공주님,"6,378",9.87
1405,스토리,너는 나의 나는 너의 수호천사,"10,300",9.88
1406,스토리,빅보이,"1,822",9.82
1407,스토리,강한사랑,912,9.88
1408,스토리,소환진이 좀 이상해 보이는 건 기분 탓이겠지,"10,702",9.90
1409,스토리,리프로듀싱,"4,639",9.60
1410,스토리,동아리방 202호,"2,689",9.88
1411,스토리,정상이되고싶어,"2,980",9.86
1412,스토리,안녕도깨비,"3,084",9.87
1413,스토리,언원티드,"2,564",9.84
1414,스토리,A의 세계,"14,505",9.40
1415,스토리,시간이 머문 집,"9,162",9.88
1416,스토리,체리블로섬,"8,438",9.89
1417,스토리,짐승뎐,"3,260",9.87
1418,스토리,뱀이 앉은 자리,"1,415",9.72
1419,스토리,의자왕 체어맨,14,9.57
1420,스토리,껌은 고양이 뇌로,"6,504",9.82
1421,스토리,막역지우,"8,307",9.81
1422,스토리,자체공강,"12,820",9.86
1423,스토리,지울 수 있을까?,"5,370",9.89
1424,스토리,전염소녀,"4,642",9.86
1425,스토리,모솔탈출 일대기,"1,392",9.65
1426,스토리,RUN,"1,071",9.79
1427,스토리,가상&RPG,"14,393",9.88
1428,스토리,요조신사 마초숙녀,586,9.75
1429,스토리,털털하지만 괜찮아!,661,9.14
1430,스토리,카인의표적,"2,811",9.85
1431,스토리,하이스쿨 콤플렉스(마이동풍),"13,493",9.63
1432,스토리,나는 사람입니다.,169,9.86
1433,스토리,나의 작은 여우별,"11,186",9.90
1434,스토리,빅맨,280,6.15
1435,스토리,사랑니(confused),"2,631",9.86
1436,스토리,너는 내게,"2,445",9.89
1437,스토리,마지막휴가,"7,056",9.62
1438,스토리,괴신,"3,588",9.85
1439,스토리,범인에 대하여,"3,490",9.87
1440,스토리,차원의 소녀,"7,043",9.89
1441,스토리,무한몽,"6,431",9.78
1442,스토리,떡볶이 가게 아가씨,"1,441",8.66
1443,스토리,외모지상주의,"48,537",9.86
1444,스토리,검은피의 도시,"1,403",9.77
1445,스토리,별을 삼킨 너에게,"3,800",9.66
1446,스토리,푸른사막 아아루,"3,595",9.89
1447,스토리,화이트데이,"2,460",9.30
1448,스토리,아가씨와 우렁총각,"2,605",9.88
1449,스토리,행쇼,975,9.77
1450,스토리,늑대와의 동침,"3,379",9.85
1451,스토리,그냥조금불편할뿐인데,"5,409",9.88
1452,스토리,남자들이 나를 좋아해,425,9.72
1453,스토리,웨일즈,"8,465",9.90
1454,스토리,오늘만 사는 토끼가면,"1,060",9.82
1455,스토리,너를 만나다,"17,745",9.89
1456,스토리,카리스마,"3,640",9.89
1457,스토리,블러드문,"3,268",9.74
1458,스토리,연애 못하는 여자,"4,043",9.82
1459,스토리,매일 참는 남자,"2,132",9.62
1460,스토리,종이비행기를 날리면,"5,480",9.83
1461,스토리,데드위크 [Dead Week],"2,061",9.79
1462,스토리,바(Bar),"2,916",9.87
1463,스토리,나를 깨우러 온,"2,502",9.89
1464,스토리,현악 4중주 - 콰르텟,840,9.56
1465,스토리,티안,"1,656",9.86
1466,스토리,숲속의 성,"16,233",9.88
1467,스토리,나이베디야,"4,562",9.85
1468,스토리,스코칭 로맨스,514,9.85
1469,스토리,나의 스위치 메이트,"14,821",9.89
1470,스토리,이계리턴즈,"2,319",9.85
1471,스토리,식욕 로맨스,"2,063",9.88
1472,스토리,어글리후드,"2,510",9.89
1473,스토리,기프트!,"1,612",9.87
1474,스토리,에르나크,934,9.85
1475,스토리,파블(fable),"6,834",9.85
1476,스토리,개구리공주,697,9.87
1477,스토리,"용사갑,마왕을","1,676",9.88
1478,스토리,바퀴!,659,9.52
1479,스토리,내 첫 사랑에 대한 기억,"1,695",9.87
1480,스토리,가출천사 육성계약,"3,669",9.89
1481,스토리,나는 부활 마법을 가졌다,"5,727",9.86
1482,스토리,나와 악수하는 시간,"1,883",9.83
1483,스토리,캔버스,"2,864",9.84
1484,스토리,좋은날,"2,374",9.83
1485,스토리,고민상담특별부,"2,891",9.86
1486,스토리,발렌타인데이,"1,983",9.69
1487,스토리,던전의 주인님,"2,905",9.88
1488,스토리,시리우스,"1,521",9.85
1489,스토리,옥탑빵,"6,006",9.90
1490,스토리,사여자,"3,834",9.83
1491,스토리,몬스터 커맨더F,"9,025",9.86
1492,스토리,라인리스 :: Lineless,"4,382",9.85
1493,스토리,별▶주부전,"5,218",9.87
1494,스토리,더 익스트림,"1,200",9.33
1495,스토리,빌런즈,"3,287",9.89
1496,스토리,슬픔을 먹는 남자,"8,739",9.89
1497,스토리,달콤포근 베이커리,474,9.79
1498,스토리,산들바람,"1,985",9.83
1499,스토리,살인마들,839,9.89
1500,스토리,곤충전,"1,763",9.86
1501,스토리,갓도령스,620,9.88
1502,스토리,연습생 고영신,"3,509",9.85
1503,스토리,유치원 신드롬,595,9.59
1504,스토리,한 지붕 아래,"1,702",9.89
1505,스토리,지금은 여관주인!!,"2,809",9.90
1506,스토리,후크,"2,642",9.87
1507,스토리,화귀,"2,495",9.85
1508,스토리,눈을감다,"1,819",9.66
1509,스토리,DJ 카일하우스,"9,158",9.84
1510,스토리,랜드라이프,"9,242",9.89
1511,스토리,클릭금지,836,9.74
1512,스토리,비행소년,"6,103",9.89
1513,스토리,개남,"2,246",9.89
1514,스토리,적막소녀,"1,995",9.86
1515,스토리,정령왕즈,"9,045",9.88
1516,스토리,윈터하츠,"6,375",9.89
1517,스토리,격이 다른 남자,"1,219",9.86
1518,스토리,리부트,523,9.75
1519,스토리,어둠이 내게 오면,"4,692",9.86
1520,스토리,저주인형,"1,591",9.89
1521,스토리,매구인게 어때서?!,"3,161",9.84
1522,스토리,오늘은 꼭 고백할 거야!,"2,819",9.88
1523,스토리,"Please kiss me, Princess","7,831",9.89
1524,스토리,탑코너,372,8.74
1525,스토리,엔드와 세이브,"1,809",9.61
1526,스토리,엘레노이 아타락시아,"6,737",9.87
1527,스토리,신의 탑,"1,110",9.73
1528,스토리,악취,930,9.76
1529,스토리,옆집에 신이산다,"1,740",9.72
1530,스토리,오십과 오십의 세계,"6,573",9.86
1531,스토리,호구와 싸가지,"6,212",9.89
1532,스토리,붉게 물들 홍,"2,669",9.89
1533,스토리,가족같은회사,"1,827",9.86
1534,스토리,남의 사랑 이야기,"7,966",9.80
1535,스토리,엑스텐,"2,244",9.85
1536,스토리,스타의 학교생활,"3,017",9.76
1537,스토리,"4월,벚꽃 우리들","4,855",9.89
1538,스토리,더블랙LABEL,"4,005",9.90
1539,스토리,신 별주부전,"1,057",9.90
1540,스토리,^-^ (캐럿하이픈캐럿),"3,400",9.46
1541,스토리,저주와 별가루,"4,329",9.74
1542,스토리,쓰레기 성의 소녀,"8,695",9.89
1543,스토리,미친악마,301,9.84
1544,스토리,스펙터즈,"3,342",9.89
1545,스토리,행복을 입혀 드립니다,"3,101",9.89
1546,스토리,아더의왕국,522,9.88
1547,스토리,당신을 사랑하고 싶습니다.,636,9.74
1548,스토리,인더하우스,"4,329",9.84
1549,스토리,백설:잔혹동화,"5,183",9.85
1550,스토리,야수와 줄리엣,294,9.88
1551,스토리,유포리아,"1,967",9.74
1552,스토리,협주곡,"2,635",9.88
1553,스토리,하나린 하나린,"4,046",9.88
1554,스토리,사이클,"2,538",9.88
1555,스토리,정귀괴담록,"1,036",9.86
1556,스토리,죽은 자들의 도시에서,"1,295",9.72
1557,스토리,9등급 뒤집기,"1,966",8.58
1558,스토리,이클립스,"4,176",9.86
1559,스토리,판타지 여동생!,507,9.46
1560,스토리,데일리 위치,"1,533",9.85
1561,스토리,로보택틱스,"1,172",9.78
1562,스토리,이세계 용사랑 마왕 뭐 그런거 알잖아?,"1,178",9.88
1563,스토리,2015 범죄스릴러 에스,"1,187",9.66
1564,스토리,아머나이트,"1,379",9.78
1565,스토리,그리고 아무 일도 없었다.,"7,179",9.82
1566,스토리,풍월주,"2,541",9.83
1567,스토리,마음을 훔치는 여자,"1,129",9.71
1568,스토리,좋은 꿈 꾸세요,"1,988",9.89
1569,스토리,바닷속의 춘향,"4,838",9.78
1570,스토리,마녀가 잠든 사이에,792,9.86
1571,스토리,지나치게 달콤한,"4,036",9.85
1572,스토리,차가움에게 은총을,768,9.83
1573,스토리,불멸의 드래곤,354,9.43
1574,스토리,검은소,"1,218",9.83
1575,스토리,망상되감기,"2,235",9.89
1576,스토리,무한의 팔라무트,"2,563",9.80
1577,스토리,내가 황제를 만났을때,"1,104",9.66
1578,스토리,하필 너야?!,"2,025",9.76
1579,스토리,찬란하게 드리우다,"2,866",9.87
1580,스토리,고양이가 할퀴고 간 자리,"2,221",9.82
1581,스토리,루턴 -past story-,"2,611",9.84
1582,스토리,나라면 절대 안그래,"1,739",9.50
1583,스토리,LIVE 썸&쌈,"5,440",9.42
1584,스토리,사나울,730,9.85
1585,스토리,"안녕, 앨리스","11,033",9.83
1586,스토리,반짝반짝 왕자님,"2,261",9.89
1587,스토리,시큼새큼,276,9.84
1588,스토리,막순이,"1,537",9.85
1589,스토리,양지리정신병원,"1,902",9.19
1590,스토리,교환일기,326,9.63
1591,스토리,사소한 일로 계약,"1,015",9.55
1592,스토리,수호령,"1,325",9.88
1593,스토리,퇴마부,"1,521",9.82
1594,스토리,흑묘,"4,920",9.72
1595,스토리,내 남친은 이세계를 구한 용사님!?,454,9.86
1596,스토리,데스티니,"2,446",9.81
1597,스토리,하이스쿨 히어로즈,"1,106",9.77
1598,스토리,어나더,"1,290",9.86
1599,스토리,빨간 고백,"6,828",9.74
1600,스토리,좋아하는부분,989,9.87
1601,스토리,자각몽,"3,412",9.89
1602,스토리,내가 안했어요,"8,429",9.83
1603,스토리,반짝반짝 빛나는,"4,815",9.89
1604,스토리,상현당,"2,891",9.63
1605,스토리,내 룸메이트는 마네킹,"5,100",9.80
1606,스토리,머리카락을 뽑으면,700,9.81
1607,스토리,천상대전,"2,897",9.87
1608,스토리,카니발라이즈,"1,961",9.85
1609,스토리,바리이야기,"2,836",9.88
1610,스토리,그를 좋아한다,"2,536",9.65
1611,스토리,아빠 내일은 뭐하고 놀까?,913,9.78
1612,스토리,중고 팔레트,"2,170",9.84
1613,스토리,연애천재,"3,308",9.86
1614,스토리,잃어버린 시간을 드립니다,"1,994",9.86
1615,스토리,킬링타임,749,9.83
1616,스토리,건마왕증,"4,062",9.72
1617,스토리,식인귀,"1,919",9.63
1618,스토리,선수들,892,9.66
1619,스토리,결혼은 싫어,"2,928",9.73
1620,스토리,끝난게 아니다 (청춘은 야구&사랑),"1,236",9.64
1621,스토리,미즈라 태양의 성,"3,490",9.89
1622,스토리,블루믹 (BlueMIC),"11,149",9.88
1623,스토리,연애를 못하는 남자,350,9.85
1624,스토리,룽과크리스,"3,776",9.87
1625,스토리,애플 에이지,"3,152",9.87
1626,스토리,달을 그리는 숲,815,9.75
1627,스토리,듀이,"1,080",9.85
1628,스토리,로맨스를 찾아줘,"4,214",9.78
1629,스토리,뷰티어스 인,"1,280",7.46
1630,스토리,나만 아는 사랑,307,9.85
1631,스토리,맛있는 남자,"9,857",9.88
1632,스토리,참새는 새신부!,332,9.80
1633,스토리,쓰리스쿨즈,"2,085",9.90
1634,스토리,병,"1,080",9.78
1635,스토리,보급형 콤플렉스,772,9.86
1636,스토리,1+1,"1,950",9.86
1637,스토리,달란트,"2,112",9.88
1638,스토리,나주금입니다(너에게만 보이는),571,9.87
1639,스토리,신의 마녀,"7,188",9.87
1640,스토리,드라코런 :: Dracorun,975,9.80
1641,스토리,양치기 소년,"1,023",9.78
1642,스토리,코르보(Corvo),742,9.86
1643,스토리,남주만 9명?!,"2,049",9.67
1644,스토리,19세기 비망록,"1,592",9.79
1645,스토리,끝과 시작,"1,497",9.89
1646,스토리,1시간 30분,"5,728",9.89
1647,스토리,네가 머무는 자리,"1,799",9.83
1648,스토리,스페로 스페라,"5,337",9.88
1649,스토리,두번째의 왕자님,"4,150",9.88
1650,스토리,사신기,832,9.80
1651,스토리,앨리스를 위하여,"2,732",9.87
1652,스토리,마계의 황녀,"7,258",9.87
1653,스토리,림딩동,"5,092",9.73
1654,스토리,백수세끼,721,9.44
1655,스토리,우리들의 트로이메라이,"2,672",9.88
1656,스토리,지켜라!여의주!,"3,682",9.71
1657,스토리,아이엠 헝그리,"1,578",9.79
1658,스토리,천상열차분야지도,"2,882",9.87
1659,스토리,우리집에 곰이 이사왔다,"2,635",9.89
1660,스토리,마녀 어머니와 좀비 아들,950,9.85
1661,스토리,신선님과 함께,"4,011",9.87
1662,스토리,CARNIVAL,106,9.52
1663,스토리,사물놀이 -부서진 악기-,"4,664",9.89
1664,스토리,용사를 물리쳐라!,"2,058",9.90
1665,스토리,시간과 사연,"7,238",9.79
1666,스토리,겨울밤,"5,361",9.85
1667,스토리,마음의 온도,"11,178",9.85
1668,스토리,지오코소 가난뱅이,"2,134",9.89
1669,스토리,너와 나의 90일,"1,716",9.85
1670,스토리,대디보이,"1,029",9.73
1671,스토리,목소리의 그늘,"6,680",9.90
1672,스토리,"안녕, 나의 길고양이","5,148",9.89
1673,스토리,에스키스,"1,372",9.85
1674,스토리,유사소년소녀,216,9.88
1675,스토리,풋내기들,"4,819",9.54
1676,스토리,미모(美母)를 찾아서,"1,732",9.88
1677,스토리,STONE AGE,"4,859",9.89
1678,스토리,731바이러스,"1,731",9.74
1679,스토리,수상한 가족협정,"1,734",9.89
1680,스토리,티레시아스,"4,128",9.85
1681,스토리,디드롭스 (D.drops),"1,793",9.88
1682,스토리,달맞이꽃,"3,712",9.82
1683,스토리,용사님이시다,"3,731",9.85
1684,스토리,뱀파이어 수난시대,492,9.76
1685,스토리,크리스마스는 쨈과 함께,"1,237",9.86
1686,스토리,큐레이터,"2,070",9.72
1687,스토리,아무도 믿지마,"4,500",9.82
1688,스토리,크리비 (Crea.B),"3,904",9.77
1689,스토리,내 매력에 퐁당,"3,481",9.57
1690,스토리,도시소녀 귀농기,"2,814",9.81
1691,스토리,연고남,"1,172",9.67
1692,스토리,왕과 그림자와 여자,"2,263",9.76
1693,스토리,중간계 사우나,"8,063",9.82
1694,스토리,에스프레소 케이크,593,9.86
1695,스토리,열렙전사,379,9.71
1696,스토리,마킹!!,804,9.25
1697,스토리,정글짐 위에 올라,"2,820",9.89
1698,스토리,금빛아이는 새벽을 달린다,"6,582",9.89
1699,스토리,플레이어,424,9.56
1700,스토리,살문 (殺門),"2,054",9.69
1701,스토리,허니버니,435,9.86
1702,스토리,신과의 대화,"5,175",9.77
1703,스토리,윈터우즈,"2,505",9.86
1704,스토리,나라 구한 전생,"3,638",9.89
1705,스토리,너에게까지 시속 100km,"11,677",9.85
1706,스토리,오버사이즈러브,"2,828",9.73
1707,스토리,체크포인트,469,9.60
1708,스토리,오늘의 컨셉,"1,494",9.52
1709,스토리,심박수1280,789,9.72
1710,스토리,어린공주,"1,114",9.89
1711,스토리,상냥한 녀석들,841,9.55
1712,스토리,소피아가 머리카락을 쓸어넘길 때,"5,619",9.89
1713,스토리,나고야,"1,943",9.54
1714,스토리,디 언더사이즈드(THE UNDERSIZED),"1,568",9.53
1715,스토리,개천사,882,9.89
1716,스토리,마녀는 그렇게 죽었다,"1,154",9.84
1717,스토리,그의 박물관엔 수상한 미라가 있다.,873,9.89
1718,스토리,유만즈,828,9.85
1719,스토리,전지적귀신시점,"1,039",9.88
1720,스토리,나의 별에게,"9,319",9.89
1721,스토리,슬립워커,573,9.84
1722,스토리,렝드,885,9.85
1723,스토리,마왕이 상병신,"3,738",9.87
1724,스토리,드리머,374,9.41
1725,스토리,칼로리메트리,784,9.75
1726,스토리,아수라게이트,"2,714",9.47
1727,스토리,신의 프시키온,"1,088",9.84
1728,스토리,별님 아래 귤님,"3,299",9.69
1729,스토리,방과후 베이스볼 클럽,"3,637",9.69
1730,스토리,여자들의 뒷담화,"6,469",9.87
1731,스토리,나루아씨전,"1,178",9.86
1732,스토리,오늘과 내일의 경계,"1,963",9.89
1733,스토리,귀여움이 죄라면 너는 사형!,"1,620",9.88
1734,스토리,12HOUR monster,"1,071",9.80
1735,스토리,마왕이 되는 방법,"2,815",9.83
1736,스토리,데몬데몬,"2,324",9.85
1737,스토리,성장통 소나타,"2,652",9.89
1738,스토리,방과후에,459,9.82
1739,스토리,신의 계약서,"2,147",9.63
1740,스토리,페이퍼,435,9.80
1741,스토리,인더섀도우,"2,494",9.89
1742,스토리,친해져요 금봉씨,"1,325",9.83
1743,스토리,특이점 2045,"1,008",9.88
1744,스토리,살인교사,826,9.48
1745,스토리,내 안에 깃든 너,624,9.88
1746,스토리,비트윈,"3,741",9.78
1747,스토리,십이야(十二夜),315,9.79
1748,스토리,Alone,362,9.77
1749,스토리,피노키오의 소녀,"2,373",9.73
1750,스토리,고향집,"1,194",9.83
1751,스토리,MODEL (모델),72,8.14
1752,스토리,королева(퀸),"1,228",9.82
1753,스토리,어둠 속을 날아서,480,9.73
1754,스토리,성형애인,237,9.72
1755,스토리,파리스의 선택,"2,670",9.89
1756,스토리,로즈관찰일기,"1,136",9.75
1757,스토리,변이,"1,152",9.85
1758,스토리,파도를 삼킨 어항,"2,233",9.75
1759,스토리,가위바위보,"1,476",9.59
1760,스토리,편의점의 마법사,"2,129",9.89
1761,스토리,단편들,"2,747",9.90
1762,스토리,Hello Death! [헬로데스],939,9.84
1763,스토리,SCP-The Administrator,256,8.83
1764,스토리,꿀밤,735,9.86
1765,스토리,월혼,"6,414",9.74
1766,스토리,누나가 돌아왔다!,240,9.77
1767,스토리,IDOL FAN,669,9.57
1768,스토리,인연입니까?,"1,139",9.70
1769,스토리,신이 없는 세계,"1,060",9.88
1770,스토리,어글리 피플즈,"1,018",8.70
1771,스토리,문카니발,310,9.57
1772,스토리,판데모니움,196,9.59
1773,스토리,Free Or UNfree,751,9.80
1774,스토리,후르츠렌즈!,"3,037",9.79
1775,스토리,획,712,9.85
1776,스토리,우주의 수호천사,"1,153",9.87
1777,스토리,플라워,851,9.67
1778,스토리,상실의 계절,"1,217",9.74
1779,스토리,결벽증 소녀,"3,947",9.90
1780,스토리,방안의 코끼리,744,9.84
1781,스토리,여캠 조수희,"1,667",9.51
1782,스토리,인생팔이청년,"3,132",9.85
1783,스토리,이길수 있어,588,9.45
1784,스토리,뼈의 시간,"1,958",9.77
1785,스토리,먼지소녀,452,8.81
1786,스토리,있는 집 자식들,"1,564",9.75
1787,스토리,밤을 거둔 신기루는,"2,380",9.87
1788,스토리,안단테,"1,153",8.70
1789,스토리,분노의 난임일기,"1,275",9.77
1790,스토리,루머의 법칙,"2,909",9.76
1791,스토리,좀비신드롬,"2,682",9.85
1792,스토리,미용사,911,9.79
1793,스토리,문지기,"3,345",9.89
1794,스토리,너의 언어,"3,046",9.86
1795,스토리,식스틴,691,9.86
1796,스토리,급식이조아,"2,788",8.83
1797,스토리,저승사자 이야기,"3,476",9.85
1798,스토리,미스터 신데렐라,"2,077",9.78
1799,스토리,악마의 레시피,"1,485",9.76
1800,스토리,신의 태궁,"1,110",9.88
1801,스토리,학교귀신,610,9.86
1802,스토리,계약우정,"1,303",9.83
1803,스토리,블루 블로썸,492,9.63
1804,스토리,하늘하늘하늘!,"2,180",9.76
1805,스토리,내 신랑은 구미호,"1,446",9.47
1806,스토리,공룡 러버즈,477,9.59
1807,스토리,그가 내가 되었다,"1,020",9.73
1808,스토리,여대생 차오름의 천사,"1,171",9.89
1809,스토리,신들을 부탁해!,152,9.80
1810,스토리,30일후,"3,638",9.59
1811,스토리,제 소원을 들어주세요!,"4,825",9.90
1812,스토리,내 이름을 불러줘,"3,755",9.70
1813,스토리,이데아 프로젝트,"3,308",9.83
1814,스토리,그대와 청춘,959,9.84
1815,스토리,드래곤 카이트,"1,842",9.59
1816,스토리,공주님은 알바중,"1,426",9.65
1817,스토리,이상한 봄,"1,670",9.61
1818,스토리,희망사항,"1,410",9.86
1819,스토리,신화의 나라,"1,348",9.78
1820,스토리,학교다녀오겠습니다,"1,979",9.43
1821,스토리,저는 용사님이 아닌데요!,"2,084",9.69
1822,스토리,사랑의 헌옷수거함,"3,694",9.75
1823,스토리,새는 시간을 난다,390,9.89
1824,스토리,Guarding - 그녀는 나의 웬수..,245,9.77
1825,스토리,아파트용사,"2,148",9.43
1826,스토리,불릿 6미리,"1,087",9.61
1827,스토리,뱀프 브라더스,"1,441",9.88
1828,스토리,기계인(機械人),"1,341",9.62
1829,스토리,별을지나,650,9.64
1830,스토리,이상징후(異常徵候),"1,024",9.85
1831,스토리,반,928,9.83
1832,스토리,나부활,"3,001",9.84
1833,스토리,성검의 홀리소드,284,9.78
1834,스토리,별똥별이 떨어졌다,"2,967",9.87
1835,스토리,죽는날까지,745,9.89
1836,스토리,눈꽃,"1,481",9.84
1837,스토리,애니멀 다이어리,766,9.71
1838,스토리,GO! 신나고,789,9.59
1839,스토리,강호열전,430,9.89
1840,스토리,마법사와 꼬마,839,9.84
1841,스토리,완벽한 이별,"1,590",9.80
1842,스토리,나타나주세요!,"4,217",9.54
1843,스토리,엔드시즌,"2,263",9.56
1844,스토리,"그 어느 날, 우리는 서로를 바라보았다",953,9.64
1845,스토리,씨름,873,9.08
1846,스토리,블랙 헤이즈,"24,161",9.87
1847,스토리,해프닝,"6,329",9.85
1848,스토리,이상낙원,"2,161",9.88
1849,스토리,용사·마왕·우주인,"2,851",9.90
1850,스토리,판타지 TV,"5,497",9.67
1851,스토리,저승탈출 넘버원,173,9.23
1852,스토리,소녀의 세계,"12,674",9.85
1853,스토리,그와 그녀와 그,"4,248",9.86
1854,스토리,여의도,"2,483",9.74
1855,스토리,쓰지만 달콤해,"2,120",9.16
1856,스토리,이별의 플라시보,"2,935",9.78
1857,스토리,왕과 나,529,9.85
1858,스토리,백설녀와 나무꾼,"5,105",9.87
1859,스토리,손 안의 너,"2,240",9.87
1860,스토리,브레인 스톰,"4,069",9.87
1861,스토리,컬러리스트,"3,316",9.85
1862,스토리,여고생이 좋아요,"6,683",9.87
1863,스토리,신데렐라를 찾습니다,591,9.81
1864,스토리,지금만큼은,"1,260",9.89
1865,스토리,시간나비,"1,111",9.10
1866,스토리,소녀 연대기,721,9.63
1867,스토리,아파지는 중입니다,597,9.74
1868,스토리,아베 마리아,"2,310",9.87
1869,스토리,우린 NPC다,901,9.69
1870,스토리,할짝 심리학,"1,838",9.88
1871,스토리,최강의 악마,374,9.89
1872,스토리,카타스트로피,"1,118",9.73
1873,스토리,(구)신의 태궁,261,9.85
1874,스토리,A girl like alien,"2,412",9.82
1875,스토리,피플,"1,671",9.84
1876,스토리,열여섯과 스물 그 사이,"1,676",9.00
1877,스토리,운명...인가요?,"7,301",9.89
1878,스토리,초인의시대,533,9.52
1879,스토리,촉수괴물 M,"1,123",9.87
1880,스토리,그녀의 버킷리스트,476,9.86
1881,스토리,날로 먹는 연애,"2,416",9.82
1882,스토리,이왕이면 아이돌,"2,021",9.71
1883,스토리,넘버그레이,769,9.87
1884,스토리,세모와 동그라미,"1,191",9.86
1885,스토리,투애니스(20's),"2,230",9.52
1886,스토리,나비 이야기,917,9.90
1887,스토리,애쉬그레이,"3,265",9.89
1888,스토리,나를 죽이는 방법,"3,785",9.84
1889,스토리,채식주의자의 애완채소,"5,521",9.86
1890,스토리,악마의 성불사무소,325,9.89
1891,스토리,눈꽃의 심장,"1,895",9.72
1892,스토리,아라비안 스위트,"1,266",9.79
1893,스토리,트윙클,577,9.52
1894,스토리,한국인이다,"1,202",9.80
1895,스토리,판타스틱! 티티우스 표류기,702,9.86
1896,스토리,공복의 저녁식사,"4,498",9.85
1897,스토리,너를 잃는 숲,875,9.81
1898,스토리,위닝샷!,"2,729",9.74
1899,스토리,52번지 몬스터,"1,898",9.60
1900,스토리,사분의일,"5,282",9.87
1901,스토리,청부업자와 소년의 이야기,842,9.88
1902,스토리,좀비인간,301,9.60
1903,스토리,평범한 이계의 여고생,"1,706",9.86
1904,스토리,그남자 그남자의 사정,869,9.82
1905,스토리,견우화,"3,357",9.87
1906,스토리,MY 0호 팬 (마이영호팬),803,9.86
1907,스토리,1+1=3,"2,489",9.87
1908,스토리,나의 수상한 행성,"7,309",9.84
1909,스토리,청춘갱신,"1,751",9.73
1910,스토리,지구의 태엽,"1,121",9.85
1911,스토리,하늘의 가녘,245,9.89
1912,스토리,주작작 주주작,"2,757",9.67
1913,스토리,Walking In The Dark,468,9.86
1914,스토리,지켜라! 밥그릇,703,9.85
1915,스토리,사신과 소녀,"2,025",9.86
1916,스토리,두 개의 무덤을 팠다,"1,747",9.90
1917,스토리,할로윈이 끝나기 전에,"3,795",9.89
1918,스토리,뫼비우스의 소설,"2,188",9.78
1919,스토리,세이의 RPG,189,9.69
1920,스토리,울트라 바이올렛,988,9.78
1921,스토리,우주광부,157,9.70
1922,스토리,너에게 말하지 못한 얘기,"1,371",9.84
1923,스토리,게이트,756,9.76
1924,스토리,범이올시다!,"1,489",9.89
1925,스토리,"비차의 캘리툰, 첫 단추","1,767",9.85
1926,스토리,사인검,"1,253",9.78
1927,스토리,"사랑을,너에게","3,142",9.89
1928,스토리,CAT,"1,125",9.83
1929,스토리,이시미이야기,"1,678",9.58
1930,스토리,윤이나는남자,"1,213",9.53
1931,스토리,사랑 사랑 내사랑,864,9.74
1932,스토리,네크로골비,"2,652",9.85
1933,스토리,방백남녀,648,9.34
1934,스토리,마당개의 인생,739,9.73
1935,스토리,바다의 끝에는 언제나 그 아이들이 있었다.,"2,138",9.89
1936,스토리,SAURUS,433,9.82
1937,스토리,로베스의 완전감각,"1,185",9.88
1938,스토리,그래도 하루는,"2,385",9.87
1939,스토리,너인 듯 네가 아닌,"1,053",9.89
1940,스토리,은하!,"4,594",9.88
1941,스토리,비밀스러운 짝사랑,"15,415",9.86
1942,스토리,볼트(VOLT),"1,482",9.74
1943,스토리,재건! 마왕성,"1,250",9.87
1944,스토리,여름밤에 문을 두드린 산타,"1,481",9.88
1945,스토리,사랑하는 계절,"2,324",9.77
1946,스토리,스피너즈,"1,182",9.58
1947,스토리,좀비랜드,"1,367",9.56
1948,스토리,오!주예수여,"10,051",9.85
1949,스토리,네가 꿈꾸는 동안에,"1,465",9.89
1950,스토리,너와 나의 하늘색,"1,580",9.68
1951,스토리,안즈,548,9.80
1952,스토리,헬퍼,452,9.75
1953,스토리,웃지않는 여자,"3,105",9.80
1954,스토리,너란 꽃을 피워줘,831,9.79
1955,스토리,신선비,806,9.88
1956,스토리,1인 크리에이터,"1,091",8.90
1957,스토리,건곤일척 아랑전,"2,161",9.59
1958,스토리,대란(大亂) - 1부 갖춘 자와 갖추지 않은 자,498,9.81
1959,스토리,페이트,395,9.72
1960,스토리,황금 장미,"1,747",9.84
1961,스토리,시간선 完,"2,806",9.80
1962,스토리,컬러풀 아이덴티티,713,9.64
1963,스토리,호가비,323,9.85
1964,스토리,클라푸티 듀스,966,9.84
1965,스토리,러비스,"2,170",9.79
1966,스토리,반연(絆緣),"1,776",9.90
1967,스토리,바사무엘,"1,211",9.87
1968,스토리,흐르는 바닷불처럼,"2,980",9.78
1969,스토리,고양이와 집사,821,9.74
1970,스토리,타고난자,"1,304",9.60
1971,스토리,대작,311,9.83
1972,스토리,AIR,307,9.89
1973,스토리,잊을 수 있을까,"1,715",9.55
1974,스토리,용사님을 사랑한 힐러님,170,9.83
1975,스토리,뱀블러프,320,9.76
1976,스토리,동네변호사 조들호,67,9.36
1977,스토리,포르고드(FORGOD),656,9.86
1978,스토리,춘향전설,527,9.74
1979,스토리,남의 집 귀한 자식,"1,052",9.47
1980,스토리,불꽃에 휘날리다,"1,936",9.85
1981,스토리,가려진 대화,736,9.88
1982,스토리,닥터관찰일지,206,9.81
1983,스토리,주말엔 보랏빛 향기,"2,647",9.72
1984,스토리,헤어지는 시간,"1,209",9.33
1985,스토리,시선스틸러,549,9.62
1986,스토리,산타,"2,237",9.74
1987,스토리,요괴백정,81,9.87
1988,스토리,심연,"2,532",9.76
1989,스토리,연애학,847,9.32
1990,스토리,누루쿠타 소녀,"1,359",9.85
1991,스토리,리드래프트,"2,433",9.86
1992,스토리,언메이크,312,9.26
1993,스토리,프리드로우,"1,171",9.85
1994,스토리,날개 있는 천사 천씨청년,737,9.88
1995,스토리,마스크걸,"1,031",9.85
1996,스토리,베어,786,9.79
1997,스토리,메멘토모리,"1,299",9.86
1998,스토리,등선(登仙),383,9.50
1999,스토리,아마데우스,"1,820",9.84
2000,스토리,"가라, 로봇!",285,9.62
2001,스토리,하나뿐인 안드로이드,"1,032",9.43
2002,스토리,프리즘,"1,455",9.82
2003,스토리,GO,213,9.71
2004,스토리,보라 (Look At Me),"1,306",9.14
2005,스토리,나비를 찾아서,"2,113",9.85
2006,스토리,모던픽션A: 삼국지 표류도시,"1,083",9.82
2007,스토리,열일곱,"1,670",9.57
2008,스토리,新조선왕조실록,"2,491",9.83
2009,스토리,너를 그리다,132,9.64
2010,스토리,월야에 우는 새,355,9.81
2011,스토리,이매망향 ?魅望香,"2,331",9.75
2012,스토리,몽상가 죽이기,338,9.57
2013,스토리,절대신의 유희,"7,223",9.85
2014,스토리,연기는 처음인데요?!,882,9.66
2015,스토리,개시,"3,621",9.88
2016,스토리,점핑오버,529,9.70
2017,스토리,잠자던 숲속의 공주,"2,209",9.66
2018,스토리,들어는 보았나! 질풍기획!,87,9.73
2019,스토리,갑자기판타지,268,9.80
2020,스토리,룩앤미,719,9.50
2021,스토리,엘카림이 들어줄게!,"2,373",9.78
2022,스토리,마도,326,9.74
2023,스토리,살인범과 산다,330,9.15
2024,스토리,호곡,214,8.09
2025,스토리,홍데렐라,"1,269",9.81
2026,스토리,이 몸은 신이니라!,152,9.61
2027,스토리,나오의 결계,387,9.73
2028,스토리,케미스트리,239,8.12
2029,스토리,연정가,233,9.48
2030,스토리,코인,"2,339",9.79
2031,스토리,일상공포,248,9.25
2032,스토리,포로롱 포롱,"1,542",9.85
2033,스토리,생존일지,"4,006",9.87
2034,스토리,오늘은 영웅,595,9.78
2035,스토리,번혼,848,9.11
2036,스토리,꿈무덤,967,9.82
2037,스토리,왕의정원,497,9.74
2038,스토리,야생화,141,9.84
2039,스토리,사이어미즈,427,9.75
2040,스토리,그라티아,245,9.55
2041,스토리,나는 귀신과 결혼했다,566,9.51
2042,스토리,빌런스쿨,994,9.79
2043,스토리,갓!김치,71,8.16
2044,스토리,인절미,"1,032",9.85
2045,스토리,결혼 교과 시간,489,9.80
2046,스토리,도화,"1,450",9.85
2047,스토리,금지클럽,"1,176",9.72
2048,스토리,리바이벌(Revival),"3,184",9.77
2049,스토리,너에게나를던진다,505,9.54
2050,스토리,기억들,871,9.89
2051,스토리,용애어부가,"1,779",9.90
2052,스토리,자유의 경계,"1,168",9.80
2053,스토리,똥두,793,9.69
2054,스토리,찬란하지 않아도 괜찮아,"1,528",9.80
2055,스토리,다이아몬드 갓 수,472,9.58
2056,스토리,엑소니클,"1,296",9.67
2057,스토리,프로짝사랑러,105,9.56
2058,스토리,바이러스 X,878,9.49
2059,스토리,A - STUDENT(모범생),761,9.61
2060,스토리,야귀록,"1,342",9.75
2061,스토리,틈새의주인,608,9.84
2062,스토리,내마음 하늘하늘,74,9.68
2063,스토리,선택게임,"2,584",9.87
2064,스토리,바람과 소원,"1,544",9.81
2065,스토리,승무원 현실 취뽀,455,9.49
2066,스토리,히어로전우치,115,9.62
2067,스토리,데빌런,501,9.75
2068,스토리,오마이갓,"2,705",9.58
2069,스토리,신데렐라를 찾습니다 2,"1,036",9.75
2070,스토리,루크벨라의 우아한인생,"2,188",9.87
2071,스토리,구세의 블레이딩,359,9.70
2072,스토리,사자(使者),"2,157",9.86
2073,스토리,엘프하프,"1,690",9.85
2074,스토리,은룡여린설,"1,978",9.88
2075,스토리,어느 남고생의 하루,"1,316",9.88
2076,스토리,꼬리,"1,295",9.66
2077,스토리,기타등등의 연애,"2,813",9.70
2078,스토리,어른이,"1,652",9.68
2079,스토리,소금물 방,"1,595",9.86
2080,스토리,숨비,"2,561",9.82
2081,스토리,소녀와 동박새,217,9.85
2082,스토리,슈퍼캣,181,9.59
2083,스토리,아침나라의 꽃,"3,440",9.85
2084,스토리,트랜스휴먼,"1,030",9.76
2085,스토리,악인,722,9.77
2086,스토리,모드스톤 살인사건,836,9.60
2087,스토리,갱스터,113,9.49
2088,스토리,미신반신,550,9.16
2089,스토리,리베르,553,9.32
2090,스토리,킬러5,"1,552",9.83
2091,스토리,커먼 라이더스,702,9.69
2092,스토리,UNDER UPRISE,336,9.81
2093,스토리,지구를 움직이는 소년들,399,9.77
2094,스토리,무지개다리 파수꾼,"1,130",9.73
2095,스토리,파도의 색깔,403,9.88
2096,스토리,LOVE FIVE!,227,8.92
2097,스토리,모자장수 아가씨,101,9.75
2098,스토리,그마남 이야기,"10,789",9.86
2099,스토리,감각의 어빌러티,"5,350",9.87
2100,스토리,밤의 새벽,269,9.83
2101,스토리,수상한 전학생,"3,013",9.85
2102,스토리,감염[感染] Infection,55,8.85
2103,스토리,박하의 효능,322,9.67
2104,스토리,연애노트,838,8.83
2105,스토리,우리! 지구를 떠나자!,92,9.68
2106,스토리,폭풍의 짱빨라,381,8.68
2107,스토리,여우비 전설,982,8.92
2108,스토리,아싸가 알아버렸다,574,9.44
2109,스토리,음대놈들,673,9.90
2110,스토리,신기관리팀 처용대,288,9.67
2111,스토리,텃밭부 사건일지,620,9.85
2112,스토리,Princess of Dream,"8,358",9.85
2113,스토리,화요일에 죽는 남자,275,9.52
2114,스토리,나 좀 내버려둬!,789,9.68
2115,스토리,자전거 도둑,114,7.72
2116,스토리,주근깨 가쵸,136,9.66
2117,스토리,호랑이와 해님달님,130,9.86
2118,스토리,조국이 당신을 원한다,836,9.89
2119,스토리,세피아,777,9.85
2120,스토리,뷰티풀 군바리,"15,891",9.73
2121,스토리,도도도,515,9.80
2122,스토리,꾼대꾼,95,9.85
2123,스토리,샤카!,281,9.04
2124,스토리,묘 (猫) 하게 이끌리는,98,9.79
2125,스토리,비공략 캐릭터를 공략하는 방법,"1,451",9.25
2126,스토리,리얼 김영감 게임,762,9.69
2127,스토리,하늘연달 연정,"1,038",9.19
2128,스토리,검은 늑대,"1,981",9.87
2129,스토리,문신,"1,571",8.62
2130,스토리,은조,322,9.06
2131,스토리,해피엔딩을 위하여,920,9.44
2132,스토리,우리들의 구미호,742,9.69
2133,스토리,천사에게는 날개가 없다,"1,602",9.87
2134,스토리,너의 여집합,"2,154",9.86
2135,스토리,윈드브레이커,812,9.85
2136,스토리,"그대 곁으로,",225,7.97
2137,스토리,Deep Blue,"1,238",9.87
2138,스토리,아르테,"1,120",9.87
2139,스토리,"뼈와 재, 불의 이야기","1,000",9.42
2140,스토리,죽지못해산다,"7,737",9.88
2141,스토리,호랑각시,407,9.16
2142,스토리,즐거운생활,324,8.06
2143,스토리,산타라떼(Santa Latte),782,9.86
2144,스토리,EQ,"1,352",9.77
2145,스토리,스토커,163,9.77
2146,스토리,좀비가 된 세상에서 마법사는,480,9.32
2147,스토리,천화,452,9.83
2148,스토리,데칼코마니,133,9.59
2149,스토리,악마를 찾는 사람들,112,9.53
2150,스토리,비공식 공동체,260,8.76
2151,스토리,하임의 서재,"2,169",9.89
2152,스토리,용아,616,8.90
2153,스토리,안단테,"2,222",9.76
2154,스토리,<지금우리학교는>,955,9.72
2155,스토리,바스티아 대륙이야기 -마왕의 대륙-,513,9.40
2156,스토리,호랑이형님,"4,146",9.86
2157,스토리,PI(파이),951,9.75
2158,스토리,도복리 파이터,134,9.58
2159,스토리,레드헤링,124,9.55
2160,스토리,알바생 노미래,"1,615",9.36
2161,스토리,우리들만의 싸이커,93,7.98
2162,스토리,커다랗게 울었다.,398,9.35
2163,스토리,인터뷰,27,6.19
2164,스토리,모던 던전 판타지아,735,9.83
2165,스토리,그리고 우울증,655,9.86
2166,스토리,현피뜨던사이,559,9.62
2167,스토리,뷰티풀 맨,621,9.77
2168,스토리,마고,507,9.88
2169,스토리,캐스팔루크,292,9.73
2170,스토리,네거티브 칸나,505,9.74
2171,스토리,거미덫,276,9.80
2172,스토리,선녀가온 나나,"5,093",9.84
2173,스토리,철수이야기,457,9.89
2174,스토리,무감각자들,"1,648",9.62
2175,스토리,밤의 피조물,336,9.75
2176,스토리,최초의 다정,133,9.82
2177,스토리,이리(iri),"1,624",9.46
2178,스토리,빨간 물고기,"1,383",9.89
2179,스토리,백풍의 신령 가무,150,9.46
2180,스토리,스프토랑,"3,247",9.77
2181,스토리,지구인,56,9.77
2182,스토리,왕후의 제국,760,9.84
2183,스토리,밝은미래,"1,157",9.82
2184,스토리,외쳐불러 : 나머지 방송반,959,9.78
2185,스토리,마야,81,9.59
2186,스토리,편집자,752,9.53
2187,스토리,미호의 첫사랑,680,8.98
2188,스토리,괴물의 바다,"1,384",9.89
2189,스토리,윙,366,9.59
2190,스토리,14년 만에 핀 해바라기,376,9.71
2191,스토리,(2부)나는엄마다,358,9.75
2192,스토리,더 키친 부오노,242,9.74
2193,스토리,이탈자,"1,317",9.84
2194,스토리,마법소년 근무일지,"1,078",9.77
2195,스토리,냐아! 미술학원,623,9.62
2196,스토리,검은유성우,"1,589",9.83
2197,스토리,우울의 바다,473,9.46
2198,스토리,라떼는 말이야,"1,134",9.74
2199,스토리,도시유사 현세전,174,9.24
2200,스토리,스물여섯,922,9.48
2201,스토리,포도나무 소녀,893,9.77
2202,스토리,아이테르,354,9.86
2203,스토리,두 번째 문리버,"1,254",9.77
2204,스토리,CAFE_쉬어가게,"1,752",9.78
2205,스토리,나의 일본인 친구,502,9.79
2206,스토리,미용사 : LOST HERO,"1,030",9.72
2207,스토리,꽃보다 찬란한,656,9.76
2208,스토리,로맨틱 마블링,140,9.53
2209,스토리,오늘부터 파릇파릇!,329,9.84
2210,스토리,지옥의 주인,84,9.20
2211,스토리,러브 햄츄얼리,596,9.69
2212,스토리,쏘 판타지,"1,300",9.87
2213,스토리,물레,428,9.33
2214,스토리,죽탱이,287,8.51
2215,스토리,단편만화,767,9.27
2216,스토리,판타지를 기대하지마,405,9.84
2217,스토리,그냥 엄청난 판타지,468,9.81
2218,스토리,문어숙희숙회,"1,025",9.74
2219,스토리,빗자루도깨비 태비,"1,081",9.86
2220,스토리,악마소녀,406,9.58
2221,스토리,묵색임금,"1,837",9.85
2222,스토리,나는엄마다,209,9.83
2223,스토리,사랑사랑사랑,494,9.84
2224,스토리,헬58,"2,458",9.46
2225,스토리,영웅 소녀,529,9.15
2226,스토리,썸라대왕,549,9.55
2227,스토리,화분,"2,255",9.90
2228,스토리,사갈(蛇蝎),213,9.84
2229,스토리,버그 트레인,"1,431",9.84
2230,스토리,크리그,410,9.82
2231,스토리,블래커,196,9.77
2232,스토리,유니섹스 (UNISEX),195,9.76
2233,스토리,공감각자,822,9.73
2234,스토리,스크류 드라이버,"2,162",9.89
2235,스토리,비밀의 화분,"1,203",9.61
2236,스토리,중매결혼,125,9.47
2237,스토리,자게 해줘!,334,9.51
2238,스토리,확진자Z,605,9.37
2239,스토리,남겨진 것들의,"1,436",9.72
2240,스토리,크라이시스,296,9.78
2241,스토리,슈퍼 시크릿,"3,606",9.85
2242,스토리,아무래도 좋은,188,9.88
2243,스토리,SSAW,735,9.76
2244,스토리,봉다리,427,9.61
2245,스토리,포갓레인저,"2,136",9.75
2246,스토리,젤리빈 하우스,"1,495",9.80
2247,스토리,트러블걸,296,9.70
2248,스토리,견우와 직녀,95,9.57
2249,스토리,아이엠,"3,425",9.60
2250,스토리,행복을 찾다.,"1,515",9.71
2251,스토리,한라지강,247,9.87
2252,스토리,공부 좀 하자,"1,196",9.85
2253,스토리,연애문학,622,9.59
2254,스토리,그곳에우리가있었다,981,9.70
2255,스토리,왕과 나,939,9.74
2256,스토리,3분의1,317,9.86
2257,스토리,노바,"2,496",9.83
2258,스토리,러브라이터,"1,270",9.87
2259,스토리,애오라지,965,9.70
2260,스토리,히어로키-악의돼지삼형제 ReMake,421,9.59
2261,스토리,소동헌을 위한 기록,"2,651",9.73
2262,스토리,아비터,"1,132",9.78
2263,스토리,지독한악연,94,8.56
2264,스토리,누나의 이중생활,"1,513",9.89
2265,스토리,나비리본,621,9.77
2266,스토리,달빛속에 그대가,"3,727",9.87
2267,스토리,환상법사,510,9.46
2268,스토리,썸타임,"2,225",9.86
2269,스토리,무인도 Vlog,442,8.84
2270,스토리,그날의 우리,943,9.72
2271,스토리,바람과 소원(구: 바람을 실은 메아리),462,9.49
2272,스토리,뚱뚱이 탈출기,153,9.76
2273,스토리,The A,201,9.82
2274,스토리,오십미터,526,9.50
2275,스토리,도깨비를 키우는 방법,863,9.83
2276,스토리,손근손근,277,8.70
2277,스토리,종이를 주웠다,"1,292",9.65
2278,스토리,"77년생, 열아홉",530,9.62
2279,스토리,철의 낙원,415,9.05
2280,스토리,짝사랑 기승전결,42,9.80
2281,스토리,브리즈,151,8.62
2282,스토리,인생막장,190,9.02
2283,스토리,To.[M],438,9.81
2284,스토리,니사정 내사정,838,9.21
2285,스토리,박수고딩,330,9.09
2286,스토리,망월선녀설화,"1,374",8.95
2287,스토리,루벤스와푸생,453,9.27
2288,스토리,태양,177,9.60
2289,스토리,스타체이서,699,9.88
2290,스토리,EMPIRE(제국),"1,576",9.60
2291,스토리,사가,412,9.62
2292,스토리,스물둘*,56,9.43
2293,스토리,밀웜,387,9.57
2294,스토리,아이고아이고,521,8.85
2295,스토리,수능0등급,701,9.09
2296,스토리,SDB,280,9.68
2297,스토리,만가,473,9.38
2298,스토리,프라이머리 컬러,650,9.79
2299,스토리,발렌티노 다스티,717,9.82
2300,스토리,청춘의 모퉁이,935,9.85
2301,스토리,너머의 항하사,762,9.78
2302,스토리,여고생 변신하는 만화,477,9.86
2303,스토리,버찌와 나,247,9.88
2304,스토리,이온,"1,450",9.73
2305,스토리,달의 문지기(휴재),834,9.38
2306,스토리,휠오브포춘,"1,805",9.73
2307,스토리,천년구미호,532,9.78
2308,스토리,스타더스트,693,8.94
2309,스토리,무림야구,235,9.44
2310,스토리,그녀의 시크릿 사운드,681,9.82
2311,스토리,후원자,423,9.74
2312,스토리,말랑하게 센티멘탈,182,9.81
2313,스토리,나이트런(knight run) 고화질 리테이크,228,9.76
2314,스토리,꿈의 왕의 꿈,213,9.84
2315,스토리,어둠속의 심연,304,9.69
2316,스토리,압락사스,105,9.38
2317,스토리,폭렬!! 극강초맹반,952,9.66
2318,스토리,열쇠의 용사 카이제루스,783,9.65
2319,스토리,어렴풋이,640,9.80
2320,스토리,우리에게 내일은,442,9.53
2321,스토리,경계인,234,9.58
2322,스토리,내게 거짓말을 해봐,433,8.73
2323,스토리,새을비전,311,9.87
2324,스토리,이브의 꿈속친구,"1,220",9.86
2325,스토리,용은 범을 잡아먹지 않는다.,446,9.72
2326,스토리,그리드(Greed),705,9.87
2327,스토리,궁극 고등학교,71,9.25
2328,스토리,그러지 말았어야,246,9.52
2329,스토리,디나운스,668,9.74
2330,스토리,소극적 인간,631,9.61
2331,스토리,투지만발 슈트라이텐,275,8.97
2332,스토리,페더,"2,245",9.86
2333,스토리,검은 가시,256,9.86
2334,스토리,39℃,535,7.87
2335,스토리,정상 컴플렉스,"1,775",9.87
2336,스토리,잭(J.a.c.k),"1,100",9.20
2337,스토리,둘만의 이야기,105,9.77
2338,스토리,하나(하루),591,9.73
2339,스토리,구사일생,409,9.65
2340,스토리,해피하우스,547,9.61
2341,스토리,이상한 낙원의 넬리쉬,"1,002",9.71
2342,스토리,공원여행,246,9.16
2343,스토리,도깨비 장난,745,9.88
2344,스토리,두세기,70,9.74
2345,스토리,뉴 빌런,426,9.82
2346,스토리,천상의 전령사,292,9.48
2347,스토리,이만오천원이야기,194,9.85
2348,스토리,로단테,808,9.88
2349,스토리,우로보로스,790,9.45
2350,스토리,트럼프,275,9.85
2351,스토리,사람교환사업,117,9.52
2352,스토리,가면,"1,091",9.52
2353,스토리,휘슬링,640,9.53
2354,스토리,어서와,"1,093",9.82
2355,스토리,격투기특성화사립고교 -극지고-,71,9.74
2356,스토리,데르탈리즘,178,9.58
2357,스토리,불가능한 연애,"2,126",9.86
2358,스토리,k-9 (canine),89,9.78
2359,스토리,꼬리잡기,235,9.27
2360,스토리,사랑하는 제자들,409,9.80
2361,스토리,무존재감,333,9.62
2362,스토리,강을 그리다,383,9.87
2363,스토리,Circle,347,9.86
2364,스토리,꽃밭에서,"1,673",9.87
2365,스토리,평범한 8반,225,9.61
2366,스토리,국밥왕,197,8.82
2367,스토리,5인전쟁,521,9.87
2368,스토리,찬란의 날,540,9.83
2369,스토리,(핫샷)HOTSHOT[?],"1,009",9.75
2370,스토리,밀지,234,9.74
2371,스토리,사랑해요 누나..,640,9.82
2372,스토리,크림슨 크로스,"1,465",9.77
2373,스토리,월국(月國)의 프락세이스,521,9.64
2374,스토리,라스오브이블,410,9.60
2375,스토리,진주전,145,9.86
2376,스토리,어느새스며든,684,9.59
2377,스토리,글라디우스 프로젝트,"1,851",9.88
2378,스토리,WINGS,125,9.80
2379,스토리,팔재叭災,687,9.73
2380,스토리,여도지죄,"2,593",9.83
2381,스토리,마고령,"1,426",9.85
2382,스토리,아이들의404,"1,590",9.87
2383,스토리,밀레니엄 헌터,420,9.87
2384,스토리,블랙,90,9.49
2385,스토리,초하루 밤의 달맞이꽃,178,9.79
2386,스토리,스트리트킹,439,5.77
2387,스토리,오늘부터 날아!,"1,466",9.85
2388,스토리,기다림의 미학,558,9.54
2389,스토리,파차마마의 마법,779,9.88
2390,스토리,데뷔하고 싶어요,286,9.26
2391,스토리,미토스 리바이버,745,9.83
2392,스토리,아레나걸스,34,9.64
2393,스토리,오리의 호수,51,9.44
2394,스토리,용사 신드롬!,409,9.57
2395,스토리,시인 없이,892,9.85
2396,스토리,색깔전쟁,53,9.79
2397,스토리,살인자,529,9.86
2398,스토리,좀비의 순정,108,9.51
2399,스토리,프러미스 : 증오의 찬가,"1,021",9.42
2400,스토리,여우들,228,9.47
2401,스토리,토마,621,9.43
2402,스토리,폭력의신,98,9.62
2403,스토리,정의를 위한 나라,429,9.48
2404,스토리,조선귀변사,451,9.56
2405,스토리,용사를 찾아서,129,9.35
2406,스토리,수트 오브 스파이(suit of spy),333,9.62
2407,스토리,이차원의 테라리움,87,9.45
2408,스토리,피지 않는 꽃,681,9.83
2409,스토리,숨,"2,242",9.86
2410,스토리,전지적 악녀 시점,319,8.81
2411,스토리,썸씽,"1,610",9.86
2412,스토리,HOOD,"1,834",9.87
2413,스토리,악귀의 메아리,431,9.61
2414,스토리,성장호르몬,"1,629",9.81
2415,스토리,백조의 호수,597,9.80
2416,스토리,이상의세상,58,9.16
2417,스토리,비너스,294,9.28
2418,스토리,해바라기 하나,"1,159",9.87
2419,스토리,페인포인트 PAINPOINT,130,9.62
2420,스토리,그림자가 길어지는 시간,73,9.86
2421,스토리,오픈 오전 11시,569,9.64
2422,스토리,고3목마 회전인생,118,9.73
2423,스토리,메모리시티-일주일해결사들,118,9.74
2424,스토리,공허의 숲,377,9.57
2425,스토리,크로우,360,9.82
2426,스토리,시선의차이,384,9.44
2427,스토리,천개의 소원,"9,970",9.86
2428,스토리,사서고생!,587,9.74
2429,스토리,일요극장,"1,593",9.85
2430,스토리,사업왕 심길후,"1,551",9.65
2431,스토리,피오키노,531,9.64
2432,스토리,시간의 뒷면,681,9.52
2433,스토리,그래도 내일은,149,9.79
2434,스토리,붉은끈,120,9.76
2435,스토리,슬기는 슬기를 싫어해!,143,9.53
2436,스토리,마피아 게임,"1,596",9.85
2437,스토리,북극의 밤,127,9.44
2438,스토리,INCURSION - 나락의 도시,873,9.76
2439,스토리,멋지다고 해줘!,108,9.45
2440,스토리,튄공,407,9.80
2441,스토리,연애의정령,"1,072",9.84
2442,스토리,모태솔로수용소,"5,389",9.72
2443,스토리,재와 먼지의 시,182,9.79
2444,스토리,컷,459,9.65
2445,스토리,향기를 입다,103,9.35
2446,스토리,일주일 지구체험,544,9.77
2447,스토리,사람사이,104,9.53
2448,스토리,스쿱스,331,9.55
2449,스토리,진짜 다 이루어줘,660,9.14
2450,스토리,봄여름가을겨울 떡집,"1,222",9.75
2451,스토리,얼짱의 이중생활,405,9.79
2452,스토리,미녀와 마녀,70,9.53
2453,스토리,시선이 교차하는 곳,232,9.69
2454,스토리,지나온 길,989,9.38
2455,스토리,무쇠,183,9.78
2456,스토리,미치광이 맥,479,9.78
2457,스토리,"부사관 후보생, 유아미!",172,9.12
2458,스토리,계약인싸,290,8.88
2459,스토리,인비트윈,735,9.49
2460,스토리,이그니션,29,7.78
2461,스토리,막장동화에 어서오렴! (feat.동화원정대),290,9.25
2462,스토리,그루버,120,9.15
2463,스토리,망각천사를 잡는 방법,488,9.76
2464,스토리,파라웨이 치킨,546,9.68
2465,스토리,레사(lessa),323,9.79
2466,스토리,폭풍의전학생,121,9.69
2467,스토리,난 너의 운명,516,9.83
2468,스토리,'아동전문' 동화미술학원,188,9.68
2469,스토리,졸래동화,"3,894",9.83
2470,스토리,사랑은 햄스터를 타고,"2,103",9.85
2471,스토리,호구 도사,430,9.74
2472,스토리,25세 요술공주,334,9.76
2473,스토리,in,256,9.22
2474,스토리,벌레 이야기,891,9.72
2475,스토리,전송,467,9.21
2476,스토리,다시 만나요,129,9.21
2477,스토리,시월의 로맨스,262,9.14
2478,스토리,벨루마포스트,34,9.70
2479,스토리,스퓨메어:연기처럼 사라지다,327,9.73
2480,스토리,철수는영희를사랑해,162,9.86
2481,스토리,언령,76,9.41
2482,스토리,어른스러운 철구,285,9.66
2483,스토리,외인,90,8.62
2484,스토리,니플헤임,"1,800",9.86
2485,스토리,별이 내린 여름날,433,9.75
2486,스토리,살인자ㅇ난감,157,9.61
2487,스토리,이별만화 완성도,277,9.58
2488,스토리,타임인조선,131,9.64
2489,스토리,떡신사바,223,9.76
2490,스토리,저편의 그림자,158,9.79
2491,스토리,나를 위한 봄,86,8.49
2492,스토리,FREEKICK,126,9.78
2493,스토리,인형의 꿈,"1,005",9.82
2494,스토리,메이커,580,9.74
2495,스토리,물속의 고요,901,9.85
2496,스토리,애플파이,152,9.64
2497,스토리,리사이클,299,8.94
2498,스토리,딸기와 밀크티,"1,844",9.74
2499,스토리,펄스나인,"2,024",9.49
2500,스토리,다이아 하트의 안내인,184,9.12
2501,스토리,블랙시저스,55,9.81
2502,스토리,픽셔너,227,9.64
2503,스토리,조선좀비,106,9.79
2504,스토리,우주대모험,184,9.20
2505,스토리,범죄 사냥꾼:9직 전쟁,374,9.58
2506,스토리,노미를 잡아라,125,9.48
2507,스토리,땅 끝에서,239,9.85
2508,스토리,해동요,232,9.02
2509,스토리,공부할 시간,292,9.83
2510,스토리,너의 HEART를 나에게 줄래?,593,9.85
2511,스토리,모두의 추억,738,9.80
2512,스토리,신령,343,9.81
2513,스토리,소울,338,8.93
2514,스토리,즉석 야구부!,84,9.49
2515,스토리,렘브란트 블러드,17,8.67
2516,스토리,다 정한 꿈,386,9.73
2517,스토리,옥탑방마녀,428,9.80
2518,스토리,펜션 타나토스,276,9.72
2519,스토리,SORRY MAN,39,9.67
2520,스토리,카프그라 증후군,36,9.80
2521,스토리,우주교도소 바다붐,"1,749",9.76
2522,스토리,아씨와 나,703,9.86
2523,스토리,스펙트럼 분석기,58,9.85
2524,스토리,안녕 외교국,545,9.54
2525,스토리,신룡의 주인,"4,020",9.85
2526,스토리,차원이동전문 환상부동산,266,9.78
2527,스토리,짐승의 이빨처럼,169,8.44
2528,스토리,야수본능,212,9.51
2529,스토리,원스 인 어 블루문,440,9.81
2530,스토리,사도 신여랑傳,129,9.50
2531,스토리,기억을 만드는 여자,11,6.40
2532,스토리,실,"8,250",9.85
2533,스토리,사냥꾼과 최형사,536,9.42
2534,스토리,4번째 세계,144,9.59
2535,스토리,설레는 기분,"2,724",9.85
2536,스토리,예쁜 사나이,139,9.59
2537,스토리,빙하기 사람들,609,9.75
2538,스토리,코엑시스트,148,8.92
2539,스토리,신수의 주인,"2,540",9.82
2540,스토리,내 소울메이트는 어디있을까,808,9.87
2541,스토리,무탄트,140,9.85
2542,스토리,키치 꼬치,133,8.18
2543,스토리,드리머즈,554,9.31
2544,스토리,에스카토스,"1,245",9.87
2545,스토리,마더어스,825,9.49
2546,스토리,아름다운 개새끼,"2,530",9.85
2547,스토리,국화야,145,9.40
2548,스토리,밤을 삼킨 아이,356,9.60
2549,스토리,처음이잖아,152,9.53
2550,스토리,뱀파이어클럽의 혈투,156,8.26
2551,스토리,동거,96,9.80
2552,스토리,얼어붙은 아로와향기,283,8.83
2553,스토리,그녀는 흡!혈귀,105,9.83
2554,스토리,어느 오래된 도서관의 비밀,588,9.86
2555,스토리,그들의 방식,944,9.83
2556,스토리,위험한 들개들,16,9.38
2557,스토리,언더그라운드 블러드팩,864,9.87
2558,스토리,마네킹,"1,025",9.85
2559,스토리,거울 속에 비친 유령,156,9.81
2560,스토리,타이트엔드,247,9.46
2561,스토리,홀,165,9.59
2562,스토리,꼴통명문 구린고,"1,297",9.85
2563,스토리,녹색문,93,9.75
2564,스토리,에이디,584,9.86
2565,스토리,혼원사,900,9.86
2566,스토리,플라잉 스쿼럴 걸,58,9.78
2567,스토리,들개의 품위,"2,421",9.86
2568,스토리,U.S.P.O.,186,9.32
2569,스토리,파이브 소울,68,9.62
2570,스토리,위기의 범죄자,"3,078",9.86
2571,스토리,모아세 (모두가 아름다워진 세상),"14,606",9.86
2572,스토리,주저드,422,9.36
2573,스토리,투하프데빌,357,9.37
2574,스토리,드림웨폰,"1,793",9.83
2575,스토리,트럼프(Trump),406,9.85
2576,스토리,애원(愛怨),419,9.81
2577,스토리,네펜데스,231,9.11
2578,스토리,레이디 프로젝트,"4,960",9.86
2579,스토리,사계절 마법소녀,119,9.80
2580,스토리,동양의 색,211,9.78
2581,스토리,시밝,227,9.84
2582,스토리,IF,226,9.59
2583,스토리,슬기로운 생활,"2,319",9.85
2584,스토리,DEAD DAYS,"3,792",9.82
2585,스토리,비아이 단편집 알콩달콩,113,9.85
2586,스토리,라텔론,439,9.26
2587,스토리,정불고교,103,9.43
2588,스토리,라이즈(RISE),225,9.68
2589,스토리,널 마주할 용기눈,371,9.15
2590,스토리,"치킨,신이된닭",379,9.80
2591,스토리,정사도 [Saintly Dozen],142,8.08
2592,스토리,점성술사,169,9.61
2593,스토리,더 모나크,94,9.69
2594,스토리,샌드위치를 먹다,356,9.62
2595,스토리,Live Live Dead,124,9.47
2596,스토리,약하지않아,495,9.80
2597,스토리,왕자님을 인터뷰하는 법,"1,000",9.85
2598,스토리,가족사진,6,8.79
2599,스토리,소꿉친구,126,9.75
2600,스토리,변기통 로맨스,"1,259",9.81
2601,스토리,도닥도닥,607,9.86
2602,스토리,공간-空間-,206,9.85
2603,스토리,싸카소녀,868,9.84
2604,스토리,블랙마리아,10,9.17
2605,스토리,문러버,120,7.86
2606,스토리,우리들의 다섯걸음,501,9.62
2607,스토리,악마도 의무교육 받습니다!,"3,945",9.87
2608,스토리,칠흑,147,9.49
2609,스토리,길리,626,9.87
2610,스토리,"Please Me, Please","1,163",9.78
2611,스토리,장인의 나라,89,9.84
2612,스토리,메모리즈 레인,195,9.86
2613,스토리,아빠를 찾습니다.,81,9.79
2614,스토리,향일화,130,9.78
2615,스토리,보보니이야기,136,9.76
2616,스토리,능능,117,9.78
2617,스토리,양말도깨비,507,9.86
2618,스토리,ZET,160,9.24
2619,스토리,낮게 날고있는 연,"1,599",9.56
2620,스토리,그 섬에 바보들이 산다,"1,142",9.83
2621,스토리,밤공마,266,9.57
2622,스토리,여름에 내리는 서리,165,9.09
2623,스토리,갱스타즈(Gangstaaz),472,9.64
2624,스토리,론즈(Lons),143,9.82
2625,스토리,키스 마이 라이프(Kiss My Life),158,9.79
2626,스토리,세상에서 가장 행복한 고양이,172,9.86
2627,스토리,독신으로 살겠다,64,9.73
2628,스토리,플라시버,116,8.72
2629,스토리,릴리스,97,9.58
2630,스토리,엘리자베스1호,515,9.85
2631,스토리,연우퇴마기,71,9.78
2632,스토리,크리퍼스큘(Crepuscule),323,9.74
2633,스토리,PWAP(피와피),49,9.76
2634,스토리,비밀곰,182,9.11
2635,스토리,천지해,528,9.86
2636,스토리,DAWN 여명 - 트와일라이트 2부,811,9.85
2637,스토리,조선의함대,49,9.56
2638,스토리,귀예록,159,9.79
2639,스토리,야화,140,9.79
2640,스토리,신속한 세계,145,9.23
2641,스토리,더 게이머,218,9.85
2642,스토리,렌탈맨,873,8.30
2643,스토리,여름의 퀄리아,116,9.16
2644,스토리,그들의 사정,116,9.00
2645,스토리,슈퍼랑,526,9.63
2646,스토리,Mrs. Alice,675,9.81
2647,스토리,비스트 사인,"1,919",9.66
2648,스토리,종말의 왕국,55,9.57
2649,스토리,잿빛악마,103,9.85
2650,스토리,우렁이라도 좋아,"1,462",9.82
2651,스토리,혼생자(魂生子),197,9.86
2652,스토리,크레파스,234,9.77
2653,스토리,TWINS,78,9.70
2654,스토리,도례 (道禮),77,8.77
2655,스토리,야상곡,168,9.75
2656,스토리,비행소년,46,9.50
2657,스토리,좀비를 위한 나라는 없다,75,9.66
2658,스토리,백수탐정,308,9.81
2659,스토리,예쁜인력,51,8.73
2660,스토리,못난오리,231,9.84
2661,스토리,우리들의 우상은,373,9.84
2662,스토리,금잔화가 피는 여름,217,9.27
2663,스토리,안녕 톡톡,125,8.95
2664,스토리,짐승의 맛,331,9.82
2665,스토리,[좀비]이게무슨일?,107,9.43
2666,스토리,산신 [山神],995,9.85
2667,스토리,힛온,110,9.85
2668,스토리,11월에 내리는 설이,250,9.74
2669,스토리,날개 부러진 새의 노래,235,9.68
2670,스토리,라이징패스트볼,48,9.56
2671,스토리,아이돌 스파이,137,9.68
2672,스토리,아마도,82,9.52
2673,스토리,디어비스,287,9.68
2674,스토리,몬딕,390,9.87
2675,스토리,해를쫓아별이된아이,"1,172",9.85
2676,스토리,꿰인 탄,203,9.37
2677,스토리,악제에피소드,51,9.56
2678,스토리,골신 파람,71,8.99
2679,스토리,몽유병,204,9.72
2680,스토리,스톰힐 다이어리,782,9.86
2681,스토리,피아타,278,9.75
2682,스토리,이런 카페 처음이야,444,9.87
2683,스토리,뿔뿔뿔뿔,293,9.82
2684,스토리,빅건맨,167,9.55
2685,스토리,모두 어디로 간걸까?,39,9.70
2686,스토리,무토 (Muto),70,9.70
2687,스토리,다락방을 찾아서,372,9.46
2688,스토리,경계 界,29,9.66
2689,스토리,라이트닝 플로우,28,9.44
2690,스토리,잊지않아,"1,905",9.55
2691,스토리,신의 언어,71,9.84
2692,스토리,나와너,96,9.77
2693,스토리,3구역 숲,125,9.47
2694,스토리,스너프 게임,318,9.49
2695,스토리,오빠의향기,"1,072",9.85
2696,스토리,봄봄,162,9.75
2697,스토리,탄생석,"6,305",9.86
2698,스토리,특허소년,565,9.87
2699,스토리,"멀리서 보면, 푸른 봄","1,220",9.85
2700,스토리,늑대의성,74,9.75
2701,스토리,어떤 화랑의 아가씨와 용의 이야기,349,9.86
2702,스토리,기적의 앱스토어,"1,153",9.86
2703,스토리,24,10,9.11
2704,스토리,그녀 찾아 삼만리,449,9.71
2705,스토리,인버스,837,9.86
2706,스토리,WaNDerer,546,9.86
2707,스토리,이오타,117,8.86
2708,스토리,사일런스,127,9.81
2709,스토리,음악의 길,128,9.30
2710,스토리,5일의 기적,109,9.78
2711,스토리,더 게임,37,9.66
2712,스토리,애플시나몬,"1,898",9.86
2713,스토리,꾼,100,9.52
2714,스토리,홈스위트홈,258,9.83
2715,스토리,얀카툰,70,8.86
2716,스토리,월한강청록,145,9.86
2717,스토리,일리티이아의 심장,69,9.80
2718,스토리,사랑을 주세요,74,9.67
2719,스토리,바이스,57,9.82
2720,스토리,귀신이보이다1(막장녀의일기),46,9.55
2721,스토리,이석의 맨숀,75,9.08
2722,스토리,사막화花,795,9.68
2723,스토리,미백클럽,190,9.68
2724,스토리,STUPOR MUNDI,12,9.32
2725,스토리,탈(TAL),200,9.76
2726,스토리,The Masque,101,9.81
2727,스토리,스핑크스에이지,65,9.85
2728,스토리,엘레프,145,9.73
2729,스토리,신영웅전기,"1,429",9.88
2730,스토리,너라면 알까?,576,9.86
2731,스토리,알바가 아니야!,36,8.38
2732,스토리,1 Push H,239,9.86
2733,스토리,HolloW,118,9.86
2734,스토리,魂지킴이,"1,226",9.77
2735,스토리,지신전,33,8.70
2736,스토리,숙천,81,9.77
2737,스토리,도사랜드,16,9.55
2738,스토리,필,154,9.86
2739,스토리,전기수 VLog,81,7.75
2740,스토리,벨벳 모멘트,29,9.32
2741,스토리,그것은 어느날,"2,581",9.85
2742,스토리,광전사령부,20,9.25
2743,스토리,너에게는 그저그런,50,9.86
2744,스토리,몽중저택,110,9.85
2745,스토리,달래주러 왔습니다,76,9.57
2746,스토리,꽃이 피고 진 자리,43,9.45
2747,스토리,Guardian,68,9.76
2748,스토리,외모윤리,191,9.85
2749,스토리,무극,814,9.84
2750,스토리,상어 이야기,114,9.43
2751,스토리,조선협객유랑기,36,9.78
2752,스토리,부처핸접,688,9.83
2753,스토리,헤븐샤워(Heaven Shower),76,9.75
2754,스토리,로키 (Loki),481,9.86
2755,스토리,심심한 마왕,94,9.76
2756,스토리,우리는 우연히 그리고,141,9.85
2757,스토리,흉터,326,9.86
2758,스토리,묘진전,265,9.86
2759,스토리,리플렉션,177,9.79
2760,스토리,망탁,33,9.56
2761,스토리,메리와 도날드,71,9.82
2762,스토리,Two Coffins (투카핀스),"1,157",9.64
2763,스토리,제왕의조건,161,9.81
2764,스토리,설뫼뎐,25,9.76
2765,스토리,코스튬 플레이어 - 란,26,9.76
2766,스토리,아스란영웅전,46,9.67
2767,스토리,도전만화가 변봉,35,9.67
2768,스토리,솔로가 하는 연애,111,9.69
2769,스토리,인디언,183,9.76
2770,스토리,LOS,37,9.79
2771,스토리,인간의 조건,611,9.87
2772,스토리,할라피뇨와 겁쟁이,75,9.83
2773,스토리,테임,133,9.50
2774,스토리,이단세,110,9.79
2775,스토리,죄를 삼키는 들꽃,98,9.78
2776,스토리,요괴의 순정만화,34,9.58
2777,스토리,지박령 브레이크,64,9.79
2778,스토리,꽃자국 길,"1,594",9.85
2779,스토리,BREEZE (브리즈),60,9.39
2780,스토리,아내의 그녀,"3,092",9.86
2781,스토리,버드맨 (bird-man),45,9.62
2782,스토리,라면이야기,29,9.49
2783,스토리,새벽9시,25,9.79
2784,스토리,블로섬 데이즈,54,9.80
2785,스토리,플린트 락 머스킷,286,9.78
2786,스토리,여름이 끝날 무렵,14,9.56
2787,스토리,리치+리치,32,9.78
2788,스토리,김강우이야기,86,9.78
2789,스토리,이름 없는 나에게,52,9.11
2790,스토리,삼십오미리(35mm),159,9.85
2791,스토리,오나미,141,7.45
2792,스토리,철가방 익스프레스,33,9.65
2793,스토리,세 개의 달,100,9.55
2794,스토리,뮤지션,64,9.80
2795,스토리,자이언트(THE HERO),75,9.73
2796,스토리,아이들은 즐겁다,113,9.86
2797,스토리,량 -무인정사-,13,9.02
2798,스토리,맛집남녀,21,9.59
2799,스토리,유신기(儒神記),29,9.77
2800,스토리,모순의 남자,34,9.75
2801,스토리,그림술사,568,9.87
2802,스토리,진실게임,"7,037",9.86
2803,스토리,진지 드셨어요?,"1,611",9.76
2804,스토리,4층복도끝천국,"5,231",9.86
2805,스토리,비비디 바비디 덕,305,9.82
2806,스토리,달이 빛나는 밤에,236,9.78
2807,스토리,야수의 노래,337,9.83
2808,스토리,나 그리고,"1,475",9.86
2809,스토리,오퍼레이터,56,9.57
2810,스토리,바람이 머무는 난,178,9.78
2811,스토리,원각주,82,9.81
2812,스토리,천연(天緣),257,9.78
2813,스토리,제페토,31,9.66
2814,스토리,요신,23,9.85
2815,스토리,별을 건너는 방법,126,9.86
2816,스토리,몬스터 삼국지,30,9.24
2817,스토리,Bugs,50,9.66
2818,스토리,영광에 매이다,140,9.74
2819,스토리,"숨은, 고양이 찾기",178,9.82
2820,스토리,렛츠,71,9.59
2821,스토리,달콤한 계절,355,9.36
2822,스토리,"소년, 남자의 이름으로",57,9.83
2823,스토리,말하지 않는다.,252,9.76
2824,스토리,내가 아는동생은 지금,83,9.78
2825,스토리,피노키오,138,9.75
2826,스토리,동물소대,101,9.39
2827,스토리,왕이 산다,26,9.81
2828,스토리,기사도,19,9.76
2829,스토리,AiMer[에이머],47,9.72
2830,스토리,다른 세상 소년,48,9.55
2831,스토리,"소년,소녀에게 묻는다.",49,9.45
2832,스토리,내 마음의 음유시인,932,9.86
2833,스토리,여름소년,29,9.62
2834,스토리,인생 삼파전,87,9.74
2835,스토리,전달자,384,9.31
2836,스토리,아메리카노,126,8.78
2837,스토리,콤플렉스,116,9.79
2838,스토리,BeYonD,"1,286",9.83
2839,스토리,마녀수업,"1,132",9.86
2840,스토리,위로,38,9.69
2841,스토리,늘 푸른 찻집,462,9.85
2842,스토리,윙즈 - 영광을 위한 날개,"1,445",9.85
2843,스토리,힐데르트 캐슬,58,9.42
2844,스토리,LOVE FICTION,35,9.73
2845,스토리,포츈쿠키,46,9.79
2846,스토리,아는사람 이야기,184,9.78
2847,스토리,트러블 앤 트리플,52,9.83
2848,스토리,애니마,958,9.83
2849,스토리,브로큰,42,9.83
2850,스토리,사랑후愛,31,9.77
2851,스토리,하양하,108,9.86
2852,스토리,초월(超越),55,9.79
2853,스토리,새벽소리가 들린다,697,9.70
2854,스토리,황태자의 하루,45,9.84
2855,스토리,Full Metal Wing,430,9.85
2856,스토리,카이만,99,9.84
2857,스토리,드림(DREAM),50,9.67
2858,스토리,죽음의 섬,24,9.65
2859,스토리,뉴클리어맨,49,9.63
2860,스토리,개판,53,9.69
2861,스토리,그린스마일,18,9.55
2862,스토리,The Hole,34,9.77
2863,스토리,행운의 서(書),770,9.87
2864,스토리,블랙보이,319,9.76
2865,스토리,[글레이저],23,9.62
2866,스토리,EVEN,37,9.80
2867,스토리,유 다아 이야기,62,9.84
2868,스토리,에르데,326,9.79
2869,스토리,커서,14,9.73
2870,스토리,여동생은 로봇,668,9.80
2871,스토리,인섹터,33,9.58
2872,스토리,ONE DAY (원데이),34,9.74
2873,스토리,길 위에서,24,9.68
2874,스토리,원 뿔러스 원,93,9.84
2875,스토리,특수 영능력 수사반,47,9.72
2876,스토리,반마(半魔),10,9.40
2877,스토리,아수라연,4,9.71
2878,스토리,사랑하는 마음,42,9.61
2879,스토리,리솔루토,284,9.73
2880,스토리,지구평화,154,9.53
2881,스토리,달리기,41,9.79
2882,스토리,사신전,15,9.72
2883,스토리,소년전[Limit],28,9.42
2884,스토리,블랙스완을 위한 변명,"1,420",9.86
2885,스토리,오늘의 끝에서 내일을 보다,31,9.69
2886,스토리,마들레느가 9번지,6,9.72
2887,스토리,마지막 피터팬,"1,523",9.85
2888,스토리,달팽이 일기,78,9.83
2889,스토리,개와나,18,9.69
2890,스토리,숲의노래 : 영혼이 잠드는 숲,108,9.83
2891,스토리,언더시티,22,9.66
2892,스토리,seedling,52,9.83
2893,스토리,카오스어택,69,9.76
2894,스토리,아이엠 슈퍼밴딧,21,9.55
2895,스토리,블러드블랙,"1,549",9.86
2896,스토리,우리가 흘린 메모지들,28,9.57
2897,스토리,너무 예쁜 거 아니니 꼬무야,86,9.67
2898,스토리,릴리 키스(Lily Kiss),21,9.74
2899,스토리,미다스의 아들,247,9.85
2900,스토리,LOST ISLAND,16,9.76
2901,스토리,비스트(beast),118,9.78
2902,스토리,7번국도아이,166,9.82
2903,스토리,Cheap An' Nasty,20,9.74
2904,스토리,충무공,55,9.13
2905,스토리,싸이클로(순환),27,9.31
2906,스토리,상냥들,"1,223",9.74
2907,스토리,곰돌이와 길냥이,55,9.79
2908,스토리,루나 온 더 스카이,34,9.79
2909,스토리,버퍼링,296,9.85
2910,스토리,터거(turgor),10,9.38
2911,스토리,레비아탄,25,9.73
2912,스토리,마음을 전해 드립니다.,436,9.83
2913,스토리,The R.R.H,29,9.76
2914,스토리,솔라보이,135,9.78
2915,스토리,넌 죽었다.,22,9.56
2916,스토리,확률,19,9.54
2917,스토리,시간의 섬,34,9.67
2918,스토리,안개숲에살다,23,9.70
2919,스토리,백은아란전,35,9.67
2920,스토리,CELL[셀],378,9.85
2921,스토리,신의 일요일,36,9.76
2922,스토리,별과 바람과 꽃길의 왈츠,31,9.69
2923,스토리,Soul Guide -소울 가이드-,36,9.65
2924,스토리,완전한 인간,35,9.78
2925,스토리,행월이야기,83,9.72
2926,스토리,디지털브레이커,15,9.66
2927,스토리,오블리비언,64,9.85
2928,스토리,우리집,23,9.72
2929,스토리,신부의 조각,12,9.67
2930,스토리,Ah!저이야기,31,9.74
2931,스토리,신입사원 김용사씨,124,9.86
2932,스토리,NoNameD,49,9.78
2933,스토리,천사라네,504,9.81
2934,스토리,스페이스 차이나드레스,18,9.60
2935,스토리,최고의 콤비,208,9.80
2936,스토리,샤이닝걸,21,9.76
2937,스토리,아더스 (others),66,9.78
2938,스토리,달세즈,142,9.86
2939,스토리,5月하늘의돋보기,409,9.85
2940,스토리,수호령,51,9.00
2941,스토리,LAYERS,19,9.71
2942,스토리,아첼레란도,475,9.76
2943,스토리,나만 모르는 이야기,85,9.78
2944,스토리,아벨,50,9.52
2945,스토리,두근거려요,"3,896",9.85
2946,스토리,RUN!,53,8.58
2947,스토리,더 캐슬,36,9.74
2948,스토리,[야메떼 오이상],25,9.62
2949,스토리,무색소녀,564,9.85
2950,스토리,트론즈,46,9.75
2951,스토리,12 (TWELVE),36,9.59
2952,스토리,카이제리온 (KAIXERION),156,9.51
2953,스토리,취급주의,31,9.72
2954,스토리,몽쥬페,425,9.86
2955,스토리,RED STORM,4,9.56
2956,스토리,다시 돌아오는 버스,28,9.69
2957,스토리,코크싸이더,191,9.75
2958,스토리,콜링 (The Calling),75,9.85
2959,스토리,정씨 남매,18,9.76
2960,스토리,그림자도마뱀사기극,62,9.80
2961,스토리,누설,113,9.84
2962,스토리,어느 베개의 이야기,24,9.77
2963,스토리,도깨비 낭자,481,9.77
2964,스토리,빗자루도깨비 태비 (리메이크 전),517,9.85
2965,스토리,CELL,28,9.60
2966,스토리,콘스탄쯔 이야기 | 지민양 이야기,21,9.68
2967,스토리,세상의 아이들,42,9.80
2968,스토리,가타리안,22,7.33
2969,스토리,낭만 house,18,9.75
2970,스토리,버드(BUD),516,9.65
2971,스토리,트웰브,135,9.82
2972,스토리,3월의 토끼,35,9.73
2973,스토리,그런 만화가가 있었다,128,9.48
2974,스토리,별의 유언,50,9.69
2975,스토리,안단테 노선생,80,9.67
2976,스토리,꽃같은인생,35,9.63
2977,스토리,케미스트리,33,9.67
2978,스토리,고기해방연합,754,9.85
2979,스토리,리바이어던,85,9.70
2980,스토리,카니발-Carnival-,232,9.85
2981,스토리,치국이야기,66,9.86
2982,스토리,루비노(Rubino),28,9.71
2983,스토리,기프트,22,9.84
2984,스토리,블로우,8,9.68
2985,스토리,에렌티,43,9.71
2986,스토리,소설가J,9,9.70
2987,스토리,Find(파인드),24,9.66
2988,스토리,발타인(BALTAINE),36,9.54
2989,스토리,마스크폴리스,101,9.84
2990,스토리,달콤한 푸른 별,15,9.79
2991,스토리,스페셜 에이전트 이설,12,9.52
2992,스토리,무령[巫鈴] the kinslayer,24,9.74
2993,스토리,버츄얼 패밀리,23,9.84
2994,스토리,유랑민족,38,9.83
2995,스토리,샌드스톰,17,9.76
2996,스토리,옐로우,13,9.74
2997,스토리,익스플로러,23,9.72
2998,스토리,될성부른 떡잎,11,9.67
2999,스토리,연옥님이 보고계셔,16,9.62
3000,스토리,마로이야기,93,9.84
3001,스토리,청춘거지클럽,68,9.78
3002,스토리,애플 다이너마이트,60,9.78
3003,스토리,외눈박이 물고기,22,9.73
3004,스토리,심해의 조각들,160,9.79
3005,스토리,히키(HicKey),230,9.85
3006,스토리,마녀가 되다.,15,9.63
3007,스토리,잡았다,21,9.69
3008,스토리,어둠이 스러지는 꽃,34,9.86
3009,스토리,[실화] 사랑하니까 시즌4,59,9.67
3010,스토리,푸른 도마뱀,8,9.47
3011,스토리,꽃밭에솔,43,9.78
3012,스토리,참 잘했어요!,14,9.67
3013,스토리,"앵두야, 연애하자",30,9.85
3014,스토리,기묘한 책방,185,9.85
3015,스토리,그리고 그들은,5,9.56
3016,스토리,부탁해요-! 곰씨!,19,9.77
3017,스토리,디바인 안드로메다,61,9.86
3018,스토리,Dead to the world,15,9.85
3019,스토리,스위치히터,31,9.69
3020,스토리,흐드러지다,9,9.73
3021,스토리,망고맘보,12,9.75
3022,스토리,[울지마],13,9.64
3023,스토리,HOLE,32,9.76
3024,스토리,이프,441,9.85
3025,스토리,어느 토요일 밤의 무지개,229,9.81
3026,스토리,항문미남 랩소디,9,9.75
3027,스토리,카산드라,82,9.75
3028,스토리,까마귀의 편지,18,9.60
3029,스토리,너땜에 찬란한 내인생!,11,9.64
3030,스토리,백수 (百壽),5,8.74
3031,스토리,옆집화랑,16,9.74
3032,스토리,사랑의 아쿠아리움,17,9.63
3033,스토리,그남자의 '!',7,9.52
3034,스토리,아더월드,7,9.39
3035,스토리,환상주사위,14,9.69
3036,스토리,LOST,8,9.67
3037,스토리,홀리마운틴,9,9.02
3038,스토리,오래된 노래,7,9.45
3039,스토리,오늘의 온도,583,9.85
3040,스토리,호레,25,9.85
3041,스토리,스왓걸스,24,9.66
3042,스토리,모니?모니!,19,9.21
3043,스토리,봄이여 오라,38,9.68
3044,스토리,언노운 - (Unknown),15,8.78
3045,스토리,괴몽탐정 라로샤,30,9.56
3046,스토리,눈의 여왕,18,9.61
3047,스토리,굿 마이 베리 파파.,22,9.75
3048,스토리,고렘 소환사,20,8.96
3049,스토리,비 그리고...[리뉴얼],12,9.68
3050,스토리,땅의 기록,23,9.78
3051,스토리,워닝사인,17,9.79
3052,스토리,법칙과 순서의 세계,12,9.68
3053,스토리,Scapegoat,8,9.63
3054,스토리,고스트 컴퍼니,779,9.85
3055,스토리,이상한 나라의 블레인,45,9.84
3056,스토리,기세기세 (기네스 세계 기록 세우기),20,9.59
3057,스토리,조금 더 가까이,"1,475",9.85
3058,스토리,블루로맨스(blue romance),17,9.50
3059,스토리,나비가 나타났다,27,9.71
3060,스토리,흑색논란,12,9.69
3061,스토리,겨울X거울,32,9.56
3062,스토리,캣밑피쉬 (The Cat Meets Fish),369,9.86
3063,스토리,굿바이 엔젤,6,9.75
3064,스토리,바다의 노래,33,9.42
3065,스토리,인형의주인,7,9.25
3066,스토리,하늘아래 우체부,66,9.86
3067,스토리,더 나이팅게일,15,9.73
3068,스토리,로고스,48,9.64
3069,스토리,안개의 시,14,9.73
3070,스토리,CORE,7,9.59
3071,스토리,푸른피의소년,7,9.32
3072,스토리,"카페,롤링페이퍼(CAFE,ROLLING PAPER)",55,9.76
3073,스토리,이명충(耳鳴蟲),3,9.61
3074,스토리,알트,101,9.79
3075,스토리,에잇 뿔,340,9.82
3076,스토리,스물일곱,13,9.57
3077,스토리,미묘한 이야기,101,9.44
3078,스토리,얼룩말,23,9.76
3079,스토리,아이딜리아,10,9.48
3080,스토리,빨간봉투,10,9.54
3081,스토리,커튼콜 아래그랑,30,9.83
3082,스토리,기타맨,15,9.78
3083,스토리,Stupor Mundi,5,9.59
3084,스토리,3MAN,11,9.57
3085,스토리,밴디지!,240,9.68
3086,스토리,포션 매니아,59,9.80
3087,스토리,미궁,498,9.82
3088,스토리,백스쿨,14,9.31
3089,스토리,"나비, 물고기",264,9.81
3090,스토리,바보들의 정원,5,9.78
3091,스토리,잉코무뚜,5,9.56
3092,스토리,언더그라운드,17,9.71
3093,스토리,불새,20,9.62
3094,스토리,다미:고!,54,9.86
3095,스토리,이사모 괴짜가족,7,8.89
3096,스토리,My OH,70,9.78
3097,스토리,천체의 성,14,9.55
3098,스토리,카일룸,14,9.61
3099,스토리,서머너즈,7,9.54
3100,스토리,도전!만화가!!,34,8.80
3101,스토리,양의 향수병,6,9.55
3102,스토리,마음을 주세요,3,9.22
3103,스토리,레드군,70,9.50
3104,스토리,낙원이야기,11,8.16
3105,스토리,미켈란젤로다빈치,11,9.52
3106,스토리,나의날,9,9.83
3107,스토리,엔파이터즈,8,9.13
3108,스토리,MASQUE,6,9.76
3109,스토리,데이드림,16,9.84
3110,스토리,GEMMA .,13,9.74
3111,스토리,호밀밭의 하수군,11,9.79
3112,스토리,오리지날 트랙 1,9,9.67
3113,스토리,F&I,8,9.63
3114,스토리,은빛 고릴라,377,9.60
3115,스토리,우리동네 세일러문,12,9.40
3116,스토리,저스트 나우,10,9.57
3117,스토리,알타입 프로젝트,6,9.39
3118,스토리,누구세요,14,9.62
3119,스토리,아이디어맨,13,9.48
3120,스토리,출동!인간퇴치 사무소,6,9.59
3121,스토리,세가지색 클로버,6,9.54
3122,스토리,창공의 벨로보그,5,9.70
3123,스토리,수상한 상담소,24,9.29
3124,스토리,스턴건,1,9.45
3125,스토리,묵회,7,9.39
3126,스토리,코기의 취향,847,9.85
3127,스토리,페이백 [완],11,9.42
3128,스토리,그런지(grunge),11,9.68
3129,스토리,달려!!,5,9.20
3130,스토리,아스말의 노래,1,9.52
3131,스토리,클래비쇼,12,8.87
3132,스토리,나공댁,10,9.66
3133,스토리,고슴도치,4,9.50
3134,스토리,아이란건,4,9.47
3135,스토리,둥근해가떴습니다,13,9.77
3136,스토리,낯선자들의 보고서,3,9.53
3137,스토리,seal,2,7.94
3138,스토리,위기의인생,4,8.63
3139,스토리,헤라디아,2,8.81
3140,스토리,지구별통신,62,9.66
3141,스토리,한줄기 빛,5,9.39
3142,스토리,와일드 (THE WILD),4,8.84
3143,스토리,쓰리,5,9.59
3144,스토리,파푸리안,6,9.54
3145,스토리,기적이운다,4,9.39
3146,스토리,당신과 나의 귀한 만남,5,7.26
3147,스토리,관유의 상자세상,5,9.26
